TRAJECTORY;ASTAGarageSquare_fellow_2;0.1;1037;
LINE;0.00;15.00;17.00;0.00; 0.00;  0.00;   0.00;    0.00;        0;ENDLINE;
LINE;0.01;15.00;17.00;0.00; 0.00;  0.00;   0.00;    0.00;        0;ENDLINE;
LINE;0.02;15.00;17.00;0.00; 0.00;  0.00;   0.05;    0.00;        0;ENDLINE;
LINE;0.03;15.00;17.00;0.00; 0.00;  0.00;   0.14;    0.00;        0;ENDLINE;
LINE;0.04;15.00;17.00;0.00; 0.00;  0.00;   0.26;    0.00;        0;ENDLINE;
LINE;0.05;15.00;17.00;0.00; 0.00;  0.00;   0.39;    0.00;        0;ENDLINE;
LINE;0.06;15.00;17.00;0.00; 0.00;  0.01;   0.51;    0.00;        0;ENDLINE;
LINE;0.07;15.00;17.00;0.00; 0.00;  0.01;   0.62;    0.00;        0;ENDLINE;
LINE;0.08;15.00;17.00;0.00; 0.00;  0.02;   0.73;    0.00;        0;ENDLINE;
LINE;0.09;15.00;17.00;0.00; 0.00;  0.03;   0.83;    0.00;        0;ENDLINE;
LINE;0.10;15.00;17.00;0.00; 0.00;  0.03;   0.93;    0.00;        0;ENDLINE;
LINE;0.11;15.00;17.00;0.00; 0.00;  0.04;   1.03;    0.00;        0;ENDLINE;
LINE;0.12;15.00;17.00;0.00; 0.00;  0.05;   1.13;    0.00;        0;ENDLINE;
LINE;0.13;15.00;17.00;0.00; 0.00;  0.07;   1.22;    0.00;        0;ENDLINE;
LINE;0.14;15.00;17.00;0.00; 0.00;  0.08;   1.31;    0.00;        0;ENDLINE;
LINE;0.15;15.00;17.00;0.00; 0.00;  0.09;   1.40;    0.00;        0;ENDLINE;
LINE;0.16;15.01;17.00;0.00; 0.00;  0.11;   1.48;    0.00;        0;ENDLINE;
LINE;0.17;15.01;17.00;0.00; 0.00;  0.12;   1.56;    0.00;        0;ENDLINE;
LINE;0.18;15.01;17.00;0.00; 0.00;  0.14;   1.63;    0.00;        0;ENDLINE;
LINE;0.19;15.01;17.00;0.00; 0.00;  0.15;   1.70;    0.00;        0;ENDLINE;
LINE;0.20;15.01;17.00;0.00; 0.00;  0.17;   1.77;    0.00;        0;ENDLINE;
LINE;0.21;15.01;17.00;0.00; 0.00;  0.19;   1.83;    0.00;        0;ENDLINE;
LINE;0.22;15.01;17.00;0.00; 0.00;  0.20;   1.89;    0.00;        0;ENDLINE;
LINE;0.23;15.02;17.00;0.00; 0.00;  0.22;   1.95;    0.00;        0;ENDLINE;
LINE;0.24;15.02;17.00;0.00; 0.00;  0.24;   2.00;    0.00;        0;ENDLINE;
LINE;0.25;15.02;17.00;0.00; 0.00;  0.26;   2.05;    0.00;        0;ENDLINE;
LINE;0.26;15.02;17.00;0.00; 0.00;  0.28;   2.09;    0.00;        0;ENDLINE;
LINE;0.27;15.03;17.00;0.00; 0.00;  0.30;   2.14;    0.00;        0;ENDLINE;
LINE;0.28;15.03;17.00;0.00; 0.00;  0.33;   2.18;    0.00;        0;ENDLINE;
LINE;0.29;15.03;17.00;0.00; 0.00;  0.35;   2.21;    0.00;        0;ENDLINE;
LINE;0.30;15.04;17.00;0.00; 0.00;  0.37;   2.25;    0.00;        0;ENDLINE;
LINE;0.31;15.04;17.00;0.00; 0.00;  0.39;   2.28;    0.00;        0;ENDLINE;
LINE;0.32;15.05;17.00;0.00; 0.00;  0.42;   2.31;    0.00;        0;ENDLINE;
LINE;0.33;15.05;17.00;0.00; 0.00;  0.44;   2.34;    0.00;        0;ENDLINE;
LINE;0.34;15.05;17.00;0.00; 0.00;  0.46;   2.37;    0.00;        0;ENDLINE;
LINE;0.35;15.06;17.00;0.00; 0.00;  0.49;   2.39;    0.00;        0;ENDLINE;
LINE;0.36;15.06;17.00;0.00; 0.00;  0.51;   2.41;    0.00;        0;ENDLINE;
LINE;0.37;15.07;17.00;0.00; 0.00;  0.53;   2.43;    0.00;        0;ENDLINE;
LINE;0.38;15.07;17.00;0.00; 0.00;  0.56;   2.45;    0.00;        0;ENDLINE;
LINE;0.39;15.08;17.00;0.00; 0.00;  0.58;   2.47;    0.00;        0;ENDLINE;
LINE;0.40;15.09;17.00;0.00; 0.00;  0.61;   2.49;    0.00;        0;ENDLINE;
LINE;0.41;15.09;17.00;0.00; 0.00;  0.63;   2.50;    0.00;        0;ENDLINE;
LINE;0.42;15.10;17.00;0.00; 0.00;  0.66;   2.51;    0.00;        0;ENDLINE;
LINE;0.43;15.11;17.00;0.00; 0.00;  0.68;   2.53;    0.00;        0;ENDLINE;
LINE;0.44;15.11;17.00;0.00; 0.00;  0.71;   2.54;    0.00;        0;ENDLINE;
LINE;0.45;15.12;17.00;0.00; 0.00;  0.73;   2.54;    0.00;        0;ENDLINE;
LINE;0.46;15.13;17.00;0.00; 0.00;  0.76;   2.55;    0.00;        0;ENDLINE;
LINE;0.47;15.14;17.00;0.00; 0.00;  0.78;   2.56;    0.00;        0;ENDLINE;
LINE;0.48;15.14;17.00;0.00; 0.00;  0.81;   2.57;    0.00;        0;ENDLINE;
LINE;0.49;15.15;17.00;0.00; 0.00;  0.83;   2.57;    0.00;        0;ENDLINE;
LINE;0.50;15.16;17.00;0.00; 0.00;  0.86;   2.57;    0.00;        0;ENDLINE;
LINE;0.51;15.17;17.00;0.00; 0.00;  0.89;   2.57;    0.00;        0;ENDLINE;
LINE;0.52;15.18;17.00;0.00; 0.00;  0.91;   2.57;    0.00;        0;ENDLINE;
LINE;0.53;15.19;17.00;0.00; 0.00;  0.94;   2.57;    0.00;        0;ENDLINE;
LINE;0.54;15.20;17.00;0.00; 0.00;  0.96;   2.56;    0.00;        0;ENDLINE;
LINE;0.55;15.21;17.00;0.00; 0.00;  0.99;   2.56;    0.00;        0;ENDLINE;
LINE;0.56;15.22;17.00;0.00; 0.00;  1.01;   2.55;    0.00;        0;ENDLINE;
LINE;0.57;15.23;17.00;0.00; 0.00;  1.04;   2.55;    0.00;        0;ENDLINE;
LINE;0.58;15.24;17.00;0.00; 0.00;  1.07;   2.54;    0.00;        0;ENDLINE;
LINE;0.59;15.25;17.00;0.00; 0.00;  1.09;   2.53;    0.00;        0;ENDLINE;
LINE;0.60;15.26;17.00;0.00; 0.00;  1.12;   2.53;    0.00;        0;ENDLINE;
LINE;0.61;15.27;17.00;0.00; 0.00;  1.14;   2.52;    0.00;        0;ENDLINE;
LINE;0.62;15.28;17.00;0.00; 0.00;  1.17;   2.51;    0.00;        0;ENDLINE;
LINE;0.63;15.29;17.00;0.00; 0.00;  1.19;   2.50;    0.00;        0;ENDLINE;
LINE;0.64;15.31;17.00;0.00; 0.00;  1.22;   2.50;    0.00;        0;ENDLINE;
LINE;0.65;15.32;17.00;0.00; 0.00;  1.24;   2.49;    0.00;        0;ENDLINE;
LINE;0.66;15.33;17.00;0.00; 0.00;  1.27;   2.48;    0.00;        0;ENDLINE;
LINE;0.67;15.34;17.00;0.00; 0.00;  1.29;   2.47;    0.00;        0;ENDLINE;
LINE;0.68;15.36;17.00;0.00; 0.00;  1.32;   2.46;    0.00;        0;ENDLINE;
LINE;0.69;15.37;17.00;0.00; 0.00;  1.34;   2.45;    0.00;        0;ENDLINE;
LINE;0.70;15.38;17.00;0.00; 0.00;  1.37;   2.45;    0.00;        0;ENDLINE;
LINE;0.71;15.40;17.00;0.00; 0.00;  1.39;   2.44;    0.00;        0;ENDLINE;
LINE;0.72;15.41;17.00;0.00; 0.00;  1.41;   2.43;    0.00;        0;ENDLINE;
LINE;0.73;15.43;17.00;0.00; 0.00;  1.44;   2.42;    0.00;        0;ENDLINE;
LINE;0.74;15.44;17.00;0.00; 0.00;  1.46;   2.41;    0.00;        0;ENDLINE;
LINE;0.75;15.45;17.00;0.00; 0.00;  1.49;   2.41;    0.00;        0;ENDLINE;
LINE;0.76;15.47;17.00;0.00; 0.00;  1.51;   2.40;    0.00;        0;ENDLINE;
LINE;0.77;15.48;17.00;0.00; 0.00;  1.54;   2.39;    0.00;        0;ENDLINE;
LINE;0.78;15.50;17.00;0.00; 0.00;  1.56;   2.38;    0.00;        0;ENDLINE;
LINE;0.79;15.52;17.00;0.00; 0.00;  1.58;   2.38;    0.00;        0;ENDLINE;
LINE;0.80;15.53;17.00;0.00; 0.00;  1.61;   2.37;    0.00;        0;ENDLINE;
LINE;0.81;15.55;17.00;0.00; 0.00;  1.63;   2.36;    0.00;        0;ENDLINE;
LINE;0.82;15.56;17.00;0.00; 0.00;  1.65;   2.35;    0.00;        0;ENDLINE;
LINE;0.83;15.58;17.00;0.00; 0.00;  1.68;   2.35;    0.00;        0;ENDLINE;
LINE;0.84;15.60;17.00;0.00; 0.00;  1.70;   2.34;    0.00;        0;ENDLINE;
LINE;0.85;15.62;17.00;0.00; 0.00;  1.72;   2.33;    0.00;        0;ENDLINE;
LINE;0.86;15.63;17.00;0.00; 0.00;  1.75;   2.33;    0.00;        0;ENDLINE;
LINE;0.87;15.65;17.00;0.00; 0.00;  1.77;   2.32;    0.00;        0;ENDLINE;
LINE;0.88;15.67;17.00;0.00; 0.00;  1.79;   2.31;    0.00;        0;ENDLINE;
LINE;0.89;15.69;17.00;0.00; 0.00;  1.82;   2.31;    0.00;        0;ENDLINE;
LINE;0.90;15.70;17.00;0.00; 0.00;  1.84;   2.30;    0.00;        0;ENDLINE;
LINE;0.91;15.72;17.00;0.00; 0.00;  1.86;   2.29;    0.00;        0;ENDLINE;
LINE;0.92;15.74;17.00;0.00; 0.00;  1.89;   2.29;    0.00;        0;ENDLINE;
LINE;0.93;15.76;17.00;0.00; 0.00;  1.91;   2.28;    0.00;        0;ENDLINE;
LINE;0.94;15.78;17.00;0.00; 0.00;  1.93;   2.27;    0.00;        0;ENDLINE;
LINE;0.95;15.80;17.00;0.00; 0.00;  1.95;   2.27;    0.00;        0;ENDLINE;
LINE;0.96;15.82;17.00;0.00; 0.00;  1.98;   2.26;    0.00;        0;ENDLINE;
LINE;0.97;15.84;17.00;0.00; 0.00;  2.00;   2.25;    0.00;        0;ENDLINE;
LINE;0.98;15.86;17.00;0.00; 0.00;  2.02;   2.25;    0.00;        0;ENDLINE;
LINE;0.99;15.88;17.00;0.00; 0.00;  2.04;   2.24;    0.00;        0;ENDLINE;
LINE;1.00;15.90;17.00;0.00; 0.00;  2.07;   2.24;    0.00;        0;ENDLINE;
LINE;1.01;15.92;17.00;0.00; 0.00;  2.09;   2.23;    0.00;        0;ENDLINE;
LINE;1.02;15.94;17.00;0.00; 0.00;  2.11;   2.22;    0.00;        0;ENDLINE;
LINE;1.03;15.96;17.00;0.00; 0.00;  2.13;   2.22;    0.00;        0;ENDLINE;
LINE;1.04;15.98;17.00;0.00; 0.00;  2.16;   2.21;    0.00;        0;ENDLINE;
LINE;1.05;16.01;17.00;0.00; 0.00;  2.18;   2.20;    0.00;        0;ENDLINE;
LINE;1.06;16.03;17.00;0.00; 0.00;  2.20;   2.20;    0.00;        0;ENDLINE;
LINE;1.07;16.05;17.00;0.00; 0.00;  2.22;   2.19;    0.00;        0;ENDLINE;
LINE;1.08;16.07;17.00;0.00; 0.00;  2.24;   2.19;    0.00;        0;ENDLINE;
LINE;1.09;16.10;17.00;0.00; 0.00;  2.27;   2.18;    0.00;        0;ENDLINE;
LINE;1.10;16.12;17.00;0.00; 0.00;  2.29;   2.18;    0.00;        0;ENDLINE;
LINE;1.11;16.14;17.00;0.00; 0.00;  2.31;   2.17;    0.00;        0;ENDLINE;
LINE;1.12;16.16;17.00;0.00; 0.00;  2.33;   2.17;    0.00;        0;ENDLINE;
LINE;1.13;16.19;17.00;0.00; 0.00;  2.35;   2.16;    0.00;        0;ENDLINE;
LINE;1.14;16.21;17.00;0.00; 0.00;  2.37;   2.16;    0.00;        0;ENDLINE;
LINE;1.15;16.24;17.00;0.00; 0.00;  2.40;   2.15;    0.00;        0;ENDLINE;
LINE;1.16;16.26;17.00;0.00; 0.00;  2.42;   2.15;    0.00;        0;ENDLINE;
LINE;1.17;16.28;17.00;0.00; 0.00;  2.44;   2.15;    0.00;        0;ENDLINE;
LINE;1.18;16.31;17.00;0.00; 0.00;  2.46;   2.14;    0.00;        0;ENDLINE;
LINE;1.19;16.33;17.00;0.00; 0.00;  2.48;   2.14;    0.00;        0;ENDLINE;
LINE;1.20;16.36;17.00;0.00; 0.00;  2.50;   2.14;    0.00;        0;ENDLINE;
LINE;1.21;16.38;17.00;0.00; 0.00;  2.53;   2.13;    0.00;        0;ENDLINE;
LINE;1.22;16.41;17.00;0.00; 0.00;  2.55;   2.13;    0.00;        0;ENDLINE;
LINE;1.23;16.43;17.00;0.00; 0.00;  2.57;   2.13;    0.00;        0;ENDLINE;
LINE;1.24;16.46;17.00;0.00; 0.00;  2.59;   2.12;    0.00;        0;ENDLINE;
LINE;1.25;16.49;17.00;0.00; 0.00;  2.61;   2.12;    0.00;        0;ENDLINE;
LINE;1.26;16.51;17.00;0.00; 0.00;  2.63;   2.12;    0.00;        0;ENDLINE;
LINE;1.27;16.54;17.00;0.00; 0.00;  2.65;   2.11;    0.00;        0;ENDLINE;
LINE;1.28;16.56;17.00;0.00; 0.00;  2.67;   2.11;    0.00;        0;ENDLINE;
LINE;1.29;16.59;17.00;0.00; 0.00;  2.70;   2.11;    0.00;        0;ENDLINE;
LINE;1.30;16.62;17.00;0.00; 0.00;  2.72;   2.11;    0.00;        0;ENDLINE;
LINE;1.31;16.65;17.00;0.00; 0.00;  2.74;   2.11;    0.00;        0;ENDLINE;
LINE;1.32;16.67;17.00;0.00; 0.00;  2.76;   2.10;    0.00;        0;ENDLINE;
LINE;1.33;16.70;17.00;0.00; 0.00;  2.78;   2.10;    0.00;        0;ENDLINE;
LINE;1.34;16.73;17.00;0.00; 0.00;  2.80;   2.10;    0.00;        0;ENDLINE;
LINE;1.35;16.76;17.00;0.00; 0.00;  2.82;   2.10;    0.00;        0;ENDLINE;
LINE;1.36;16.79;17.00;0.00; 0.00;  2.84;   2.10;    0.00;        0;ENDLINE;
LINE;1.37;16.81;17.00;0.00; 0.00;  2.86;   2.10;    0.00;        0;ENDLINE;
LINE;1.38;16.84;17.00;0.00; 0.00;  2.88;   2.10;    0.00;        0;ENDLINE;
LINE;1.39;16.87;17.00;0.00; 0.00;  2.91;   2.10;    0.00;        0;ENDLINE;
LINE;1.40;16.90;17.00;0.00; 0.00;  2.93;   2.10;    0.00;        0;ENDLINE;
LINE;1.41;16.93;17.00;0.00; 0.00;  2.95;   2.10;    0.00;        0;ENDLINE;
LINE;1.42;16.96;17.00;0.00; 0.00;  2.97;   2.10;    0.00;        0;ENDLINE;
LINE;1.43;16.99;17.00;0.00; 0.00;  2.99;   2.10;    0.00;        0;ENDLINE;
LINE;1.44;17.02;17.00;0.00; 0.00;  3.01;   2.10;    0.00;        0;ENDLINE;
LINE;1.45;17.05;17.00;0.00; 0.00;  3.03;   2.10;    0.00;        0;ENDLINE;
LINE;1.46;17.08;17.00;0.00; 0.00;  3.05;   2.10;    0.00;        0;ENDLINE;
LINE;1.47;17.11;17.00;0.00; 0.00;  3.07;   2.10;    0.00;        0;ENDLINE;
LINE;1.48;17.14;17.00;0.00; 0.00;  3.09;   2.11;    0.00;        0;ENDLINE;
LINE;1.49;17.17;17.00;0.00; 0.00;  3.12;   2.11;    0.00;        0;ENDLINE;
LINE;1.50;17.20;17.00;0.00; 0.00;  3.14;   2.11;    0.00;        0;ENDLINE;
LINE;1.51;17.24;17.00;0.00; 0.00;  3.16;   2.11;    0.00;        0;ENDLINE;
LINE;1.52;17.27;17.00;0.00; 0.00;  3.18;   2.11;    0.00;        0;ENDLINE;
LINE;1.53;17.30;17.00;0.00; 0.00;  3.20;   2.11;    0.00;        0;ENDLINE;
LINE;1.54;17.33;17.00;0.00; 0.00;  3.22;   2.11;    0.00;        0;ENDLINE;
LINE;1.55;17.36;17.00;0.00; 0.00;  3.24;   2.11;    0.00;        0;ENDLINE;
LINE;1.56;17.40;17.00;0.00; 0.00;  3.26;   2.11;    0.00;        0;ENDLINE;
LINE;1.57;17.43;17.00;0.00; 0.00;  3.28;   2.11;    0.00;        0;ENDLINE;
LINE;1.58;17.46;17.00;0.00; 0.00;  3.31;   2.11;    0.00;        0;ENDLINE;
LINE;1.59;17.50;17.00;0.00; 0.00;  3.33;   2.11;    0.00;        0;ENDLINE;
LINE;1.60;17.53;17.00;0.00; 0.00;  3.35;   2.11;    0.00;        0;ENDLINE;
LINE;1.61;17.56;17.00;0.00; 0.00;  3.37;   2.11;    0.00;        0;ENDLINE;
LINE;1.62;17.60;17.00;0.00; 0.00;  3.39;   2.11;    0.00;        0;ENDLINE;
LINE;1.63;17.63;17.00;0.00; 0.00;  3.41;   2.12;    0.00;        0;ENDLINE;
LINE;1.64;17.66;17.00;0.00; 0.00;  3.43;   2.12;    0.00;        0;ENDLINE;
LINE;1.65;17.70;17.00;0.00; 0.00;  3.45;   2.12;    0.00;        0;ENDLINE;
LINE;1.66;17.73;17.00;0.00; 0.00;  3.47;   2.12;    0.00;        0;ENDLINE;
LINE;1.67;17.77;17.00;0.00; 0.00;  3.50;   2.12;    0.00;        0;ENDLINE;
LINE;1.68;17.80;17.00;0.00; 0.00;  3.52;   2.12;    0.00;        0;ENDLINE;
LINE;1.69;17.84;17.00;0.00; 0.00;  3.54;   2.12;    0.00;        0;ENDLINE;
LINE;1.70;17.87;17.00;0.00; 0.00;  3.56;   2.12;    0.00;        0;ENDLINE;
LINE;1.71;17.91;17.00;0.00; 0.00;  3.58;   2.12;    0.00;        0;ENDLINE;
LINE;1.72;17.95;17.00;0.00; 0.00;  3.60;   2.12;    0.00;        0;ENDLINE;
LINE;1.73;17.98;17.00;0.00; 0.00;  3.62;   2.12;    0.00;        0;ENDLINE;
LINE;1.74;18.02;17.00;0.00; 0.00;  3.64;   2.12;    0.00;        0;ENDLINE;
LINE;1.75;18.05;17.00;0.00; 0.00;  3.67;   2.12;    0.00;        0;ENDLINE;
LINE;1.76;18.09;17.00;0.00; 0.00;  3.69;   2.12;    0.00;        0;ENDLINE;
LINE;1.77;18.13;17.00;0.00; 0.00;  3.71;   2.12;    0.00;        0;ENDLINE;
LINE;1.78;18.17;17.00;0.00; 0.00;  3.73;   2.12;    0.00;        0;ENDLINE;
LINE;1.79;18.20;17.00;0.00; 0.00;  3.75;   2.12;    0.00;        0;ENDLINE;
LINE;1.80;18.24;17.00;0.00; 0.00;  3.77;   2.12;    0.00;        0;ENDLINE;
LINE;1.81;18.28;17.00;0.00; 0.00;  3.79;   2.12;    0.00;        0;ENDLINE;
LINE;1.82;18.32;17.00;0.00; 0.00;  3.81;   2.12;    0.00;        0;ENDLINE;
LINE;1.83;18.35;17.00;0.00; 0.00;  3.83;   2.12;    0.00;        0;ENDLINE;
LINE;1.84;18.39;17.00;0.00; 0.00;  3.86;   2.12;    0.00;        0;ENDLINE;
LINE;1.85;18.43;17.00;0.00; 0.00;  3.88;   2.12;    0.00;        0;ENDLINE;
LINE;1.86;18.47;17.00;0.00; 0.00;  3.90;   2.12;    0.00;        0;ENDLINE;
LINE;1.87;18.51;17.00;0.00; 0.00;  3.92;   2.12;    0.00;        0;ENDLINE;
LINE;1.88;18.55;17.00;0.00; 0.00;  3.94;   2.12;    0.00;        0;ENDLINE;
LINE;1.89;18.59;17.00;0.00; 0.00;  3.96;   2.12;    0.00;        0;ENDLINE;
LINE;1.90;18.63;17.00;0.00; 0.00;  3.98;   2.12;    0.00;        0;ENDLINE;
LINE;1.91;18.67;17.00;0.00; 0.00;  4.00;   2.12;    0.00;        0;ENDLINE;
LINE;1.92;18.71;17.00;0.00; 0.00;  4.03;   2.12;    0.00;        0;ENDLINE;
LINE;1.93;18.75;17.00;0.00; 0.00;  4.05;   2.12;    0.00;        0;ENDLINE;
LINE;1.94;18.79;17.00;0.00; 0.00;  4.07;   2.12;    0.00;        0;ENDLINE;
LINE;1.95;18.83;17.00;0.00; 0.00;  4.09;   2.12;    0.00;        0;ENDLINE;
LINE;1.96;18.87;17.00;0.00; 0.00;  4.11;   2.12;    0.00;        0;ENDLINE;
LINE;1.97;18.91;17.00;0.00; 0.00;  4.13;   2.12;    0.00;        0;ENDLINE;
LINE;1.98;18.95;17.00;0.00; 0.00;  4.15;   2.12;    0.00;        0;ENDLINE;
LINE;1.99;19.00;17.00;0.00; 0.00;  4.17;   2.12;    0.00;        0;ENDLINE;
LINE;2.00;19.04;17.00;0.00; 0.00;  4.19;   2.12;    0.00;        0;ENDLINE;
LINE;2.01;19.08;17.00;0.00; 0.00;  4.22;   2.12;    0.00;        0;ENDLINE;
LINE;2.02;19.12;17.00;0.00; 0.00;  4.24;   2.12;    0.00;        0;ENDLINE;
LINE;2.03;19.16;17.00;0.00; 0.00;  4.26;   2.12;    0.00;        0;ENDLINE;
LINE;2.04;19.21;17.00;0.00; 0.00;  4.28;   2.12;    0.00;        0;ENDLINE;
LINE;2.05;19.25;17.00;0.00; 0.00;  4.30;   2.12;    0.00;        0;ENDLINE;
LINE;2.06;19.29;17.00;0.00; 0.00;  4.32;   2.12;    0.00;        0;ENDLINE;
LINE;2.07;19.34;17.00;0.00; 0.00;  4.34;   2.12;    0.00;        0;ENDLINE;
LINE;2.08;19.38;17.00;0.00; 0.00;  4.36;   2.11;    0.00;        0;ENDLINE;
LINE;2.09;19.42;17.00;0.00; 0.00;  4.39;   2.11;    0.00;        0;ENDLINE;
LINE;2.10;19.47;17.00;0.00; 0.00;  4.41;   2.11;    0.00;        0;ENDLINE;
LINE;2.11;19.51;17.00;0.00; 0.00;  4.43;   2.11;    0.00;        0;ENDLINE;
LINE;2.12;19.56;17.00;0.00; 0.00;  4.45;   2.11;    0.00;        0;ENDLINE;
LINE;2.13;19.60;17.00;0.00; 0.00;  4.47;   2.11;    0.00;        0;ENDLINE;
LINE;2.14;19.65;17.00;0.00; 0.00;  4.49;   2.11;    0.00;        0;ENDLINE;
LINE;2.15;19.69;17.00;0.00; 0.00;  4.51;   2.11;    0.00;        0;ENDLINE;
LINE;2.16;19.74;17.00;0.00; 0.00;  4.53;   2.11;    0.00;        0;ENDLINE;
LINE;2.17;19.78;17.00;0.00; 0.00;  4.55;   2.11;    0.00;        0;ENDLINE;
LINE;2.18;19.83;17.00;0.00; 0.00;  4.58;   2.11;    0.00;        0;ENDLINE;
LINE;2.19;19.87;17.00;0.00; 0.00;  4.60;   2.11;    0.00;        0;ENDLINE;
LINE;2.20;19.92;17.00;0.00; 0.00;  4.62;   2.11;    0.00;        0;ENDLINE;
LINE;2.21;19.97;17.00;0.00; 0.00;  4.64;   2.11;    0.00;        0;ENDLINE;
LINE;2.22;20.01;17.00;0.00; 0.00;  4.66;   2.11;    0.00;        0;ENDLINE;
LINE;2.23;20.06;17.00;0.00; 0.00;  4.68;   2.11;    0.00;        0;ENDLINE;
LINE;2.24;20.11;17.00;0.00; 0.00;  4.70;   2.11;    0.00;        0;ENDLINE;
LINE;2.25;20.15;17.00;0.00; 0.00;  4.72;   2.11;    0.00;        0;ENDLINE;
LINE;2.26;20.20;17.00;0.00; 0.00;  4.74;   2.11;    0.00;        0;ENDLINE;
LINE;2.27;20.25;17.00;0.00; 0.00;  4.77;   2.11;    0.00;        0;ENDLINE;
LINE;2.28;20.30;17.00;0.00; 0.00;  4.79;   2.11;    0.00;        0;ENDLINE;
LINE;2.29;20.34;17.00;0.00; 0.00;  4.81;   2.11;    0.00;        0;ENDLINE;
LINE;2.30;20.39;17.00;0.00; 0.00;  4.83;   2.11;    0.00;        0;ENDLINE;
LINE;2.31;20.44;17.00;0.00; 0.00;  4.85;   2.11;    0.00;        0;ENDLINE;
LINE;2.32;20.49;17.00;0.00; 0.00;  4.87;   2.11;    0.00;        0;ENDLINE;
LINE;2.33;20.54;17.00;0.00; 0.00;  4.89;   2.11;    0.00;        0;ENDLINE;
LINE;2.34;20.59;17.00;0.00; 0.00;  4.91;   2.11;    0.00;        0;ENDLINE;
LINE;2.35;20.64;17.00;0.00; 0.00;  4.93;   2.11;    0.00;        0;ENDLINE;
LINE;2.36;20.69;17.00;0.00; 0.00;  4.96;   2.11;    0.00;        0;ENDLINE;
LINE;2.37;20.73;17.00;0.00; 0.00;  4.98;   2.11;    0.00;        0;ENDLINE;
LINE;2.38;20.78;17.00;0.00; 0.00;  5.00;   2.11;    0.00;        0;ENDLINE;
LINE;2.39;20.83;17.00;0.00; 0.00;  5.02;   2.11;    0.00;        0;ENDLINE;
LINE;2.40;20.89;17.00;0.00; 0.00;  5.04;   2.11;    0.00;        0;ENDLINE;
LINE;2.41;20.94;17.00;0.00; 0.00;  5.06;   2.10;    0.00;        0;ENDLINE;
LINE;2.42;20.99;17.00;0.00; 0.00;  5.08;   2.10;    0.00;        0;ENDLINE;
LINE;2.43;21.04;17.00;0.00; 0.00;  5.10;   2.10;    0.00;        0;ENDLINE;
LINE;2.44;21.09;17.00;0.00; 0.00;  5.12;   2.10;    0.00;        0;ENDLINE;
LINE;2.45;21.14;17.00;0.00; 0.00;  5.14;   2.10;    0.00;        0;ENDLINE;
LINE;2.46;21.19;17.00;0.00; 0.00;  5.17;   2.10;    0.00;        0;ENDLINE;
LINE;2.47;21.24;17.00;0.00; 0.00;  5.19;   2.10;    0.00;        0;ENDLINE;
LINE;2.48;21.30;17.00;0.00; 0.00;  5.21;   2.10;    0.00;        0;ENDLINE;
LINE;2.49;21.35;17.00;0.00; 0.00;  5.23;   2.10;    0.00;        0;ENDLINE;
LINE;2.50;21.40;17.00;0.00; 0.00;  5.25;   2.10;    0.00;        0;ENDLINE;
LINE;2.51;21.45;17.00;0.00; 0.00;  5.27;   2.10;    0.00;        0;ENDLINE;
LINE;2.52;21.51;17.00;0.00; 0.00;  5.29;   2.10;    0.00;        0;ENDLINE;
LINE;2.53;21.56;17.00;0.00; 0.00;  5.31;   2.10;    0.00;        0;ENDLINE;
LINE;2.54;21.61;17.00;0.00; 0.00;  5.33;   2.08;    0.00;        0;ENDLINE;
LINE;2.55;21.66;17.00;0.00; 0.00;  5.35;   1.99;    0.00;        0;ENDLINE;
LINE;2.56;21.72;17.00;0.00; 0.00;  5.37;   1.83;    0.00;        0;ENDLINE;
LINE;2.57;21.77;17.00;0.00; 0.00;  5.39;   1.65;    0.00;        0;ENDLINE;
LINE;2.58;21.83;17.00;0.00; 0.00;  5.41;   1.49;    0.00;        0;ENDLINE;
LINE;2.59;21.88;17.00;0.00; 0.00;  5.42;   1.35;    0.00;        0;ENDLINE;
LINE;2.60;21.93;17.00;0.00; 0.00;  5.44;   1.19;    0.00;        0;ENDLINE;
LINE;2.61;21.99;17.00;0.00; 0.00;  5.45;   1.04;    0.00;        0;ENDLINE;
LINE;2.62;22.04;17.00;0.00; 0.00;  5.46;   0.92;    0.00;        0;ENDLINE;
LINE;2.63;22.10;17.00;0.00; 0.00;  5.47;   0.83;    0.00;        0;ENDLINE;
LINE;2.64;22.15;17.00;0.00; 0.00;  5.48;   0.75;    0.00;        0;ENDLINE;
LINE;2.65;22.21;17.00;0.00; 0.00;  5.48;   0.68;    0.00;        0;ENDLINE;
LINE;2.66;22.26;17.00;0.00; 0.00;  5.49;   0.63;    0.00;        0;ENDLINE;
LINE;2.67;22.32;17.00;0.00; 0.00;  5.50;   0.59;    0.00;        0;ENDLINE;
LINE;2.68;22.37;17.00;0.00; 0.00;  5.50;   0.55;    0.00;        0;ENDLINE;
LINE;2.69;22.43;17.00;0.00; 0.00;  5.51;   0.52;    0.00;        0;ENDLINE;
LINE;2.70;22.48;17.00;0.00; 0.00;  5.51;   0.49;    0.00;        0;ENDLINE;
LINE;2.71;22.54;17.00;0.00; 0.00;  5.52;   0.46;    0.00;        0;ENDLINE;
LINE;2.72;22.59;17.00;0.00; 0.00;  5.52;   0.43;    0.00;        0;ENDLINE;
LINE;2.73;22.65;17.00;0.00; 0.00;  5.53;   0.41;    0.00;        0;ENDLINE;
LINE;2.74;22.70;17.00;0.00; 0.00;  5.53;   0.40;    0.00;        0;ENDLINE;
LINE;2.75;22.76;17.00;0.00; 0.00;  5.54;   0.38;    0.00;        0;ENDLINE;
LINE;2.76;22.81;17.00;0.00; 0.00;  5.54;   0.37;    0.00;        0;ENDLINE;
LINE;2.77;22.87;17.00;0.00; 0.00;  5.54;   0.35;    0.00;        0;ENDLINE;
LINE;2.78;22.93;17.00;0.00; 0.00;  5.55;   0.34;    0.00;        0;ENDLINE;
LINE;2.79;22.98;17.00;0.00; 0.00;  5.55;   0.33;    0.00;        0;ENDLINE;
LINE;2.80;23.04;17.00;0.00; 0.00;  5.55;   0.32;    0.00;        0;ENDLINE;
LINE;2.81;23.09;17.00;0.00; 0.00;  5.56;   0.31;    0.00;        0;ENDLINE;
LINE;2.82;23.15;17.00;0.00; 0.00;  5.56;   0.30;    0.00;        0;ENDLINE;
LINE;2.83;23.20;17.00;0.00; 0.00;  5.56;   0.29;    0.00;        0;ENDLINE;
LINE;2.84;23.26;17.00;0.00; 0.00;  5.57;   0.28;    0.00;        0;ENDLINE;
LINE;2.85;23.31;17.00;0.00; 0.00;  5.57;   0.27;    0.00;        0;ENDLINE;
LINE;2.86;23.37;17.00;0.00; 0.00;  5.57;   0.26;    0.00;        0;ENDLINE;
LINE;2.87;23.43;17.00;0.00; 0.00;  5.57;   0.26;    0.00;        0;ENDLINE;
LINE;2.88;23.48;17.00;0.00; 0.00;  5.58;   0.25;    0.00;        0;ENDLINE;
LINE;2.89;23.54;17.00;0.00; 0.00;  5.58;   0.24;    0.00;        0;ENDLINE;
LINE;2.90;23.59;17.00;0.00; 0.00;  5.58;   0.23;    0.00;        0;ENDLINE;
LINE;2.91;23.65;17.00;0.00; 0.00;  5.58;   0.22;    0.00;        0;ENDLINE;
LINE;2.92;23.71;17.00;0.00; 0.00;  5.59;   0.22;    0.00;        0;ENDLINE;
LINE;2.93;23.76;17.00;0.00; 0.00;  5.59;   0.21;    0.00;        0;ENDLINE;
LINE;2.94;23.82;17.00;0.00; 0.00;  5.59;   0.20;    0.00;        0;ENDLINE;
LINE;2.95;23.87;17.00;0.00; 0.00;  5.59;   0.19;    0.00;        0;ENDLINE;
LINE;2.96;23.93;17.00;0.00; 0.00;  5.59;   0.19;    0.00;        0;ENDLINE;
LINE;2.97;23.98;17.00;0.00; 0.00;  5.60;   0.18;    0.00;        0;ENDLINE;
LINE;2.98;24.04;17.00;0.00; 0.00;  5.60;   0.17;    0.00;        0;ENDLINE;
LINE;2.99;24.10;17.00;0.00; 0.00;  5.60;   0.17;    0.00;        0;ENDLINE;
LINE;3.00;24.15;17.00;0.00; 0.00;  5.60;   0.16;    0.00;        0;ENDLINE;
LINE;3.01;24.21;17.00;0.00; 0.00;  5.60;   0.16;    0.00;        0;ENDLINE;
LINE;3.02;24.26;17.00;0.00; 0.00;  5.60;   0.15;    0.00;        0;ENDLINE;
LINE;3.03;24.32;17.00;0.00; 0.00;  5.61;   0.15;    0.00;        0;ENDLINE;
LINE;3.04;24.38;17.00;0.00; 0.00;  5.61;   0.15;    0.00;        0;ENDLINE;
LINE;3.05;24.43;17.00;0.00; 0.00;  5.61;   0.15;    0.00;        0;ENDLINE;
LINE;3.06;24.49;17.00;0.00; 0.00;  5.61;   0.14;    0.00;        0;ENDLINE;
LINE;3.07;24.55;17.00;0.00; 0.00;  5.61;   0.14;    0.00;        0;ENDLINE;
LINE;3.08;24.60;17.00;0.00; 0.00;  5.61;   0.14;    0.00;        0;ENDLINE;
LINE;3.09;24.66;17.00;0.00; 0.00;  5.62;   0.14;    0.00;        0;ENDLINE;
LINE;3.10;24.71;17.00;0.00; 0.00;  5.62;   0.14;    0.00;        0;ENDLINE;
LINE;3.11;24.77;17.00;0.00; 0.00;  5.62;   0.14;    0.00;        0;ENDLINE;
LINE;3.12;24.83;17.00;0.00; 0.00;  5.62;   0.14;    0.00;        0;ENDLINE;
LINE;3.13;24.88;17.00;0.00; 0.00;  5.62;   0.14;    0.00;        0;ENDLINE;
LINE;3.14;24.94;17.00;0.00; 0.00;  5.62;   0.14;    0.00;        0;ENDLINE;
LINE;3.15;24.99;17.00;0.00; 0.00;  5.62;   0.14;    0.00;        0;ENDLINE;
LINE;3.16;25.05;17.00;0.00; 0.00;  5.62;   0.14;    0.00;        0;ENDLINE;
LINE;3.17;25.11;17.00;0.00; 0.00;  5.63;   0.14;    0.00;        0;ENDLINE;
LINE;3.18;25.16;17.00;0.00; 0.00;  5.63;   0.14;    0.00;        0;ENDLINE;
LINE;3.19;25.22;17.00;0.00; 0.00;  5.63;   0.13;    0.00;        0;ENDLINE;
LINE;3.20;25.28;17.00;0.00; 0.00;  5.63;   0.13;    0.00;        0;ENDLINE;
LINE;3.21;25.33;17.00;0.00; 0.00;  5.63;   0.13;    0.00;        0;ENDLINE;
LINE;3.22;25.39;17.00;0.00; 0.00;  5.63;   0.13;    0.00;        0;ENDLINE;
LINE;3.23;25.45;17.00;0.00; 0.00;  5.63;   0.13;    0.00;        0;ENDLINE;
LINE;3.24;25.50;17.00;0.00; 0.00;  5.64;   0.13;    0.00;        0;ENDLINE;
LINE;3.25;25.56;17.00;0.00; 0.00;  5.64;   0.12;    0.00;        0;ENDLINE;
LINE;3.26;25.61;17.00;0.00; 0.00;  5.64;   0.12;    0.00;        0;ENDLINE;
LINE;3.27;25.67;17.00;0.00; 0.00;  5.64;   0.12;    0.00;        0;ENDLINE;
LINE;3.28;25.73;17.00;0.00; 0.00;  5.64;   0.12;    0.00;        0;ENDLINE;
LINE;3.29;25.78;17.00;0.00; 0.00;  5.64;   0.12;    0.00;        0;ENDLINE;
LINE;3.30;25.84;17.00;0.00; 0.00;  5.64;   0.11;    0.00;        0;ENDLINE;
LINE;3.31;25.90;17.00;0.00; 0.00;  5.64;   0.11;    0.00;        0;ENDLINE;
LINE;3.32;25.95;17.00;0.00; 0.00;  5.65;   0.11;    0.00;        0;ENDLINE;
LINE;3.33;26.01;17.00;0.00; 0.00;  5.65;   0.11;    0.00;        0;ENDLINE;
LINE;3.34;26.07;17.00;0.00; 0.00;  5.65;   0.11;    0.00;        0;ENDLINE;
LINE;3.35;26.12;17.00;0.00; 0.00;  5.65;   0.11;    0.00;        0;ENDLINE;
LINE;3.36;26.18;17.00;0.00; 0.00;  5.65;   0.11;    0.00;        0;ENDLINE;
LINE;3.37;26.24;17.00;0.00; 0.00;  5.65;   0.10;    0.00;        0;ENDLINE;
LINE;3.38;26.29;17.00;0.00; 0.00;  5.65;   0.10;    0.00;        0;ENDLINE;
LINE;3.39;26.35;17.00;0.00; 0.00;  5.65;   0.10;    0.00;        0;ENDLINE;
LINE;3.40;26.40;17.00;0.00; 0.00;  5.65;   0.10;    0.00;        0;ENDLINE;
LINE;3.41;26.46;17.00;0.00; 0.00;  5.65;   0.10;    0.00;        0;ENDLINE;
LINE;3.42;26.52;17.00;0.00; 0.00;  5.66;   0.10;    0.00;        0;ENDLINE;
LINE;3.43;26.57;17.00;0.00; 0.00;  5.66;   0.09;    0.00;        0;ENDLINE;
LINE;3.44;26.63;17.00;0.00; 0.00;  5.66;   0.09;    0.00;        0;ENDLINE;
LINE;3.45;26.69;17.00;0.00; 0.00;  5.66;   0.09;    0.00;        0;ENDLINE;
LINE;3.46;26.74;17.00;0.00; 0.00;  5.66;   0.09;    0.00;        0;ENDLINE;
LINE;3.47;26.80;17.00;0.00; 0.00;  5.66;   0.09;    0.00;        0;ENDLINE;
LINE;3.48;26.86;17.00;0.00; 0.00;  5.66;   0.08;    0.00;        0;ENDLINE;
LINE;3.49;26.91;17.00;0.00; 0.00;  5.66;   0.08;    0.00;        0;ENDLINE;
LINE;3.50;26.97;17.00;0.00; 0.00;  5.66;   0.08;    0.00;        0;ENDLINE;
LINE;3.51;27.03;17.00;0.00; 0.00;  5.66;   0.08;    0.00;        0;ENDLINE;
LINE;3.52;27.08;17.00;0.00; 0.00;  5.66;   0.08;    0.00;        0;ENDLINE;
LINE;3.53;27.14;17.00;0.00; 0.00;  5.67;   0.08;    0.00;        0;ENDLINE;
LINE;3.54;27.20;17.00;0.00; 0.00;  5.67;   0.07;    0.00;        0;ENDLINE;
LINE;3.55;27.25;17.00;0.00; 0.00;  5.67;   0.07;    0.00;        0;ENDLINE;
LINE;3.56;27.31;17.00;0.00; 0.00;  5.67;   0.07;    0.00;        0;ENDLINE;
LINE;3.57;27.37;17.00;0.00; 0.00;  5.67;   0.07;    0.00;        0;ENDLINE;
LINE;3.58;27.42;17.00;0.00; 0.00;  5.67;   0.07;    0.00;        0;ENDLINE;
LINE;3.59;27.48;17.00;0.00; 0.00;  5.67;   0.07;    0.00;        0;ENDLINE;
LINE;3.60;27.54;17.00;0.00; 0.00;  5.67;   0.06;    0.00;        0;ENDLINE;
LINE;3.61;27.59;17.00;0.00; 0.00;  5.67;   0.06;    0.00;        0;ENDLINE;
LINE;3.62;27.65;17.00;0.00; 0.00;  5.67;   0.06;    0.00;        0;ENDLINE;
LINE;3.63;27.71;17.00;0.00; 0.00;  5.67;   0.06;    0.00;        0;ENDLINE;
LINE;3.64;27.76;17.00;0.00; 0.00;  5.67;   0.06;    0.00;        0;ENDLINE;
LINE;3.65;27.82;17.00;0.00; 0.00;  5.67;   0.06;    0.00;        0;ENDLINE;
LINE;3.66;27.88;17.00;0.00; 0.00;  5.67;   0.06;    0.00;        0;ENDLINE;
LINE;3.67;27.93;17.00;0.00; 0.00;  5.67;   0.06;    0.00;        0;ENDLINE;
LINE;3.68;27.99;17.00;0.00; 0.00;  5.67;   0.05;    0.00;        0;ENDLINE;
LINE;3.69;28.05;17.00;0.00; 0.00;  5.68;   0.05;    0.00;        0;ENDLINE;
LINE;3.70;28.10;17.00;0.00; 0.00;  5.68;   0.05;    0.00;        0;ENDLINE;
LINE;3.71;28.16;17.00;0.00; 0.00;  5.68;   0.05;    0.00;        0;ENDLINE;
LINE;3.72;28.22;17.00;0.00; 0.00;  5.68;   0.05;    0.00;        0;ENDLINE;
LINE;3.73;28.27;17.00;0.00; 0.00;  5.68;   0.05;    0.00;        0;ENDLINE;
LINE;3.74;28.33;17.00;0.00; 0.00;  5.68;   0.05;    0.00;        0;ENDLINE;
LINE;3.75;28.39;17.00;0.00; 0.00;  5.68;   0.05;    0.00;        0;ENDLINE;
LINE;3.76;28.44;17.00;0.00; 0.00;  5.68;   0.04;    0.00;        0;ENDLINE;
LINE;3.77;28.50;17.00;0.00; 0.00;  5.68;   0.04;    0.00;        0;ENDLINE;
LINE;3.78;28.56;17.00;0.00; 0.00;  5.68;   0.04;    0.00;        0;ENDLINE;
LINE;3.79;28.62;17.00;0.00; 0.00;  5.68;   0.04;    0.00;        0;ENDLINE;
LINE;3.80;28.67;17.00;0.00; 0.00;  5.68;   0.04;    0.00;        0;ENDLINE;
LINE;3.81;28.73;17.00;0.00; 0.00;  5.68;   0.04;    0.00;        0;ENDLINE;
LINE;3.82;28.79;17.00;0.00; 0.00;  5.68;   0.04;    0.00;        0;ENDLINE;
LINE;3.83;28.84;17.00;0.00; 0.00;  5.68;   0.04;    0.00;        0;ENDLINE;
LINE;3.84;28.90;17.00;0.00; 0.00;  5.68;   0.04;    0.00;        0;ENDLINE;
LINE;3.85;28.96;17.00;0.00; 0.00;  5.68;   0.03;    0.00;        0;ENDLINE;
LINE;3.86;29.01;17.00;0.00; 0.00;  5.68;   0.03;    0.00;        0;ENDLINE;
LINE;3.87;29.07;17.00;0.00; 0.00;  5.68;   0.03;    0.00;        0;ENDLINE;
LINE;3.88;29.13;17.00;0.00; 0.00;  5.68;   0.03;    0.00;        0;ENDLINE;
LINE;3.89;29.18;17.00;0.00; 0.00;  5.68;   0.03;    0.00;        0;ENDLINE;
LINE;3.90;29.24;17.00;0.00; 0.00;  5.68;   0.03;    0.00;        0;ENDLINE;
LINE;3.91;29.30;17.00;0.00; 0.00;  5.68;   0.03;    0.00;        0;ENDLINE;
LINE;3.92;29.35;17.00;0.00; 0.00;  5.68;   0.03;    0.00;        0;ENDLINE;
LINE;3.93;29.41;17.00;0.00; 0.00;  5.68;   0.03;    0.00;        0;ENDLINE;
LINE;3.94;29.47;17.00;0.00; 0.00;  5.69;   0.02;    0.00;        0;ENDLINE;
LINE;3.95;29.52;17.00;0.00; 0.00;  5.69;   0.02;    0.00;        0;ENDLINE;
LINE;3.96;29.58;17.00;0.00; 0.00;  5.69;   0.02;    0.00;        0;ENDLINE;
LINE;3.97;29.64;17.00;0.00; 0.00;  5.69;   0.02;    0.00;        0;ENDLINE;
LINE;3.98;29.70;17.00;0.00; 0.00;  5.69;   0.02;    0.00;        0;ENDLINE;
LINE;3.99;29.75;17.00;0.00; 0.00;  5.69;   0.02;    0.00;        0;ENDLINE;
LINE;4.00;29.81;17.00;0.00; 0.00;  5.69;   0.02;    0.00;        0;ENDLINE;
LINE;4.01;29.87;17.00;0.00; 0.00;  5.69;   0.02;    0.00;        0;ENDLINE;
LINE;4.02;29.92;17.00;0.00; 0.00;  5.69;   0.02;    0.00;        0;ENDLINE;
LINE;4.03;29.98;17.00;0.00; 0.00;  5.69;   0.02;    0.00;        0;ENDLINE;
LINE;4.04;30.04;17.00;0.00; 0.00;  5.69;   0.02;    0.00;        0;ENDLINE;
LINE;4.05;30.09;17.00;0.00; 0.00;  5.69;   0.01;    0.00;        0;ENDLINE;
LINE;4.06;30.15;17.00;0.00; 0.00;  5.69;   0.01;    0.00;        0;ENDLINE;
LINE;4.07;30.21;17.00;0.00; 0.00;  5.69;   0.01;    0.00;        0;ENDLINE;
LINE;4.08;30.26;17.00;0.00; 0.00;  5.69;   0.01;    0.00;        0;ENDLINE;
LINE;4.09;30.32;17.00;0.00; 0.00;  5.69;   0.01;    0.00;        0;ENDLINE;
LINE;4.10;30.38;17.00;0.00; 0.00;  5.69;   0.01;    0.00;        0;ENDLINE;
LINE;4.11;30.43;17.00;0.00; 0.00;  5.69;   0.01;    0.00;        0;ENDLINE;
LINE;4.12;30.49;17.00;0.00; 0.00;  5.69;   0.01;    0.00;        0;ENDLINE;
LINE;4.13;30.55;17.00;0.00; 0.00;  5.69;   0.01;    0.00;        0;ENDLINE;
LINE;4.14;30.61;17.00;0.00; 0.00;  5.69;   0.01;    0.00;        0;ENDLINE;
LINE;4.15;30.66;17.00;0.00; 0.00;  5.69;   0.01;    0.00;        0;ENDLINE;
LINE;4.16;30.72;17.00;0.00; 0.00;  5.69;   0.00;    0.00;        0;ENDLINE;
LINE;4.17;30.78;17.00;0.00; 0.00;  5.69;   0.00;    0.00;        0;ENDLINE;
LINE;4.18;30.83;17.00;0.00; 0.00;  5.69;   0.00;    0.00;        0;ENDLINE;
LINE;4.19;30.89;17.00;0.00; 0.00;  5.69;   0.00;    0.00;        0;ENDLINE;
LINE;4.20;30.95;17.00;0.00; 0.00;  5.69;   0.00;    0.00;        0;ENDLINE;
LINE;4.21;31.00;17.00;0.00; 0.00;  5.69;   0.00;    0.00;        0;ENDLINE;
LINE;4.22;31.06;17.00;0.00; 0.00;  5.69;   0.00;    0.00;        0;ENDLINE;
LINE;4.23;31.12;17.00;0.00; 0.00;  5.69;   0.00;    0.00;        0;ENDLINE;
LINE;4.24;31.17;17.00;0.00; 0.00;  5.69;   0.00;    0.00;        0;ENDLINE;
LINE;4.25;31.23;17.00;0.00; 0.00;  5.69;   0.00;    0.00;        0;ENDLINE;
LINE;4.26;31.29;17.00;0.00; 0.00;  5.69;   0.00;    0.00;        0;ENDLINE;
LINE;4.27;31.34;17.00;0.00; 0.00;  5.69;   0.00;    0.00;        0;ENDLINE;
LINE;4.28;31.40;17.00;0.00; 0.00;  5.69;   0.00;    0.00;        0;ENDLINE;
LINE;4.29;31.46;17.00;0.00; 0.00;  5.69;   0.00;    0.00;        0;ENDLINE;
LINE;4.30;31.52;17.00;0.00; 0.00;  5.69;   0.00;    0.00;        0;ENDLINE;
LINE;4.31;31.57;17.00;0.00; 0.00;  5.69;   0.00;    0.00;        0;ENDLINE;
LINE;4.32;31.63;17.00;0.00; 0.00;  5.69;   0.00;    0.00;        0;ENDLINE;
LINE;4.33;31.69;17.00;0.00; 0.00;  5.69;   0.00;    0.00;        0;ENDLINE;
LINE;4.34;31.74;17.00;0.00; 0.00;  5.69;   0.00;    0.00;        0;ENDLINE;
LINE;4.35;31.80;17.00;0.00; 0.00;  5.69;   0.00;    0.00;        0;ENDLINE;
LINE;4.36;31.86;17.00;0.00; 0.00;  5.69;  -0.01;    0.00;        0;ENDLINE;
LINE;4.37;31.91;17.00;0.00; 0.00;  5.69;  -0.01;    0.00;        0;ENDLINE;
LINE;4.38;31.97;17.00;0.00; 0.00;  5.69;  -0.01;    0.00;        0;ENDLINE;
LINE;4.39;32.03;17.00;0.00; 0.00;  5.69;  -0.01;    0.00;        0;ENDLINE;
LINE;4.40;32.08;17.00;0.00; 0.00;  5.69;  -0.01;    0.00;        0;ENDLINE;
LINE;4.41;32.14;17.00;0.00; 0.00;  5.69;  -0.01;    0.00;        0;ENDLINE;
LINE;4.42;32.20;17.00;0.00; 0.00;  5.69;  -0.01;    0.00;        0;ENDLINE;
LINE;4.43;32.25;17.00;0.00; 0.00;  5.69;  -0.01;    0.00;        0;ENDLINE;
LINE;4.44;32.31;17.00;0.00; 0.00;  5.69;  -0.02;    0.00;        0;ENDLINE;
LINE;4.45;32.37;17.00;0.00; 0.00;  5.69;  -0.02;    0.00;        0;ENDLINE;
LINE;4.46;32.43;17.00;0.00; 0.00;  5.69;  -0.02;    0.00;        0;ENDLINE;
LINE;4.47;32.48;17.00;0.00; 0.00;  5.69;  -0.02;    0.00;        0;ENDLINE;
LINE;4.48;32.54;17.00;0.00; 0.00;  5.69;  -0.02;    0.00;        0;ENDLINE;
LINE;4.49;32.60;17.00;0.00; 0.00;  5.69;  -0.02;    0.00;        0;ENDLINE;
LINE;4.50;32.65;17.00;0.00; 0.00;  5.69;  -0.02;    0.00;        0;ENDLINE;
LINE;4.51;32.71;17.00;0.00; 0.00;  5.69;  -0.02;    0.00;        0;ENDLINE;
LINE;4.52;32.77;17.00;0.00; 0.00;  5.69;  -0.02;    0.00;        0;ENDLINE;
LINE;4.53;32.82;17.00;0.00; 0.00;  5.69;  -0.02;    0.00;        0;ENDLINE;
LINE;4.54;32.88;17.00;0.00; 0.00;  5.69;  -0.02;    0.00;        0;ENDLINE;
LINE;4.55;32.94;17.00;0.00; 0.00;  5.68;  -0.02;    0.00;        0;ENDLINE;
LINE;4.56;32.99;17.00;0.00; 0.00;  5.68;  -0.02;    0.00;        0;ENDLINE;
LINE;4.57;33.05;17.00;0.00; 0.00;  5.68;  -0.02;    0.00;        0;ENDLINE;
LINE;4.58;33.11;17.00;0.00; 0.00;  5.68;  -0.02;    0.00;        0;ENDLINE;
LINE;4.59;33.16;17.00;0.00; 0.00;  5.68;  -0.02;    0.00;        0;ENDLINE;
LINE;4.60;33.22;17.00;0.00; 0.00;  5.68;  -0.02;    0.00;        0;ENDLINE;
LINE;4.61;33.28;17.00;0.00; 0.00;  5.68;  -0.02;    0.00;        0;ENDLINE;
LINE;4.62;33.33;17.00;0.00; 0.00;  5.68;  -0.02;    0.00;        0;ENDLINE;
LINE;4.63;33.39;17.00;0.00; 0.00;  5.68;  -0.03;    0.00;        0;ENDLINE;
LINE;4.64;33.45;17.00;0.00; 0.00;  5.68;  -0.03;    0.00;        0;ENDLINE;
LINE;4.65;33.51;17.00;0.00; 0.00;  5.68;  -0.03;    0.00;        0;ENDLINE;
LINE;4.66;33.56;17.00;0.00; 0.00;  5.68;  -0.03;    0.00;        0;ENDLINE;
LINE;4.67;33.62;17.00;0.00; 0.00;  5.68;  -0.03;    0.00;        0;ENDLINE;
LINE;4.68;33.68;17.00;0.00; 0.00;  5.68;  -0.03;    0.00;        0;ENDLINE;
LINE;4.69;33.73;17.00;0.00; 0.00;  5.68;  -0.03;    0.00;        0;ENDLINE;
LINE;4.70;33.79;17.00;0.00; 0.00;  5.68;  -0.03;    0.00;        0;ENDLINE;
LINE;4.71;33.85;17.00;0.00; 0.00;  5.68;  -0.03;    0.00;        0;ENDLINE;
LINE;4.72;33.90;17.00;0.00; 0.00;  5.68;  -0.03;    0.00;        0;ENDLINE;
LINE;4.73;33.96;17.00;0.00; 0.00;  5.68;  -0.03;    0.00;        0;ENDLINE;
LINE;4.74;34.02;17.00;0.00; 0.00;  5.68;  -0.03;    0.00;        0;ENDLINE;
LINE;4.75;34.07;17.00;0.00; 0.00;  5.68;  -0.03;    0.00;        0;ENDLINE;
LINE;4.76;34.13;17.00;0.00; 0.00;  5.68;  -0.03;    0.00;        0;ENDLINE;
LINE;4.77;34.19;17.00;0.00; 0.00;  5.68;  -0.03;    0.00;        0;ENDLINE;
LINE;4.78;34.24;17.00;0.00; 0.00;  5.68;  -0.03;    0.00;        0;ENDLINE;
LINE;4.79;34.30;17.00;0.00; 0.00;  5.68;  -0.03;    0.00;        0;ENDLINE;
LINE;4.80;34.36;17.00;0.00; 0.00;  5.68;  -0.03;    0.00;        0;ENDLINE;
LINE;4.81;34.41;17.00;0.00; 0.00;  5.68;  -0.03;    0.00;        0;ENDLINE;
LINE;4.82;34.47;17.00;0.00; 0.00;  5.68;  -0.03;    0.00;        0;ENDLINE;
LINE;4.83;34.53;17.00;0.00; 0.00;  5.68;  -0.03;    0.00;        0;ENDLINE;
LINE;4.84;34.58;17.00;0.00; 0.00;  5.68;  -0.03;    0.00;        0;ENDLINE;
LINE;4.85;34.64;17.00;0.00; 0.00;  5.68;  -0.03;    0.00;        0;ENDLINE;
LINE;4.86;34.70;17.00;0.00; 0.00;  5.68;  -0.03;    0.00;        0;ENDLINE;
LINE;4.87;34.75;17.00;0.00; 0.00;  5.68;  -0.03;    0.00;        0;ENDLINE;
LINE;4.88;34.81;17.00;0.00; 0.00;  5.68;  -0.04;    0.00;        0;ENDLINE;
LINE;4.89;34.87;17.00;0.00; 0.00;  5.68;  -0.04;    0.00;        0;ENDLINE;
LINE;4.90;34.93;17.00;0.00; 0.00;  5.67;  -0.04;    0.00;        0;ENDLINE;
LINE;4.91;34.98;17.00;0.00; 0.00;  5.67;  -0.04;    0.00;        0;ENDLINE;
LINE;4.92;35.04;17.00;0.00; 0.00;  5.67;  -0.04;    0.00;        0;ENDLINE;
LINE;4.93;35.10;17.00;0.00; 0.00;  5.67;  -0.04;    0.00;        0;ENDLINE;
LINE;4.94;35.15;17.00;0.00; 0.00;  5.67;  -0.04;    0.00;        0;ENDLINE;
LINE;4.95;35.21;17.00;0.00; 0.00;  5.67;  -0.04;    0.00;        0;ENDLINE;
LINE;4.96;35.27;17.00;0.00; 0.00;  5.67;  -0.04;    0.00;        0;ENDLINE;
LINE;4.97;35.32;17.00;0.00; 0.00;  5.67;  -0.04;    0.00;        0;ENDLINE;
LINE;4.98;35.38;17.00;0.00; 0.00;  5.67;  -0.04;    0.00;        0;ENDLINE;
LINE;4.99;35.44;17.00;0.00; 0.00;  5.67;  -0.04;    0.00;        0;ENDLINE;
LINE;5.00;35.49;17.00;0.00; 0.00;  5.67;  -0.04;    0.00;        0;ENDLINE;
LINE;5.01;35.55;17.00;0.00; 0.00;  5.67;  -0.04;    0.00;        0;ENDLINE;
LINE;5.02;35.61;17.00;0.00; 0.00;  5.67;  -0.04;    0.00;        0;ENDLINE;
LINE;5.03;35.66;17.00;0.00; 0.00;  5.67;  -0.04;    0.00;        0;ENDLINE;
LINE;5.04;35.72;17.00;0.00; 0.00;  5.67;  -0.04;    0.00;        0;ENDLINE;
LINE;5.05;35.78;17.00;0.00; 0.00;  5.67;  -0.04;    0.00;        0;ENDLINE;
LINE;5.06;35.83;17.00;0.00; 0.00;  5.67;  -0.04;    0.00;        0;ENDLINE;
LINE;5.07;35.89;17.00;0.00; 0.00;  5.67;  -0.04;    0.00;        0;ENDLINE;
LINE;5.08;35.95;17.00;0.00; 0.00;  5.67;  -0.04;    0.00;        0;ENDLINE;
LINE;5.09;36.00;17.00;0.00; 0.00;  5.67;  -0.04;    0.00;        0;ENDLINE;
LINE;5.10;36.06;17.00;0.00; 0.00;  5.67;  -0.04;    0.00;        0;ENDLINE;
LINE;5.11;36.12;17.00;0.00; 0.00;  5.67;  -0.04;    0.00;        0;ENDLINE;
LINE;5.12;36.17;17.00;0.00; 0.00;  5.67;  -0.04;    0.00;        0;ENDLINE;
LINE;5.13;36.23;17.00;0.00; 0.00;  5.67;  -0.04;    0.00;        0;ENDLINE;
LINE;5.14;36.29;17.00;0.00; 0.00;  5.67;  -0.04;    0.00;        0;ENDLINE;
LINE;5.15;36.34;17.00;0.00; 0.00;  5.67;  -0.04;    0.00;        0;ENDLINE;
LINE;5.16;36.40;17.00;0.00; 0.00;  5.66;  -0.04;    0.00;        0;ENDLINE;
LINE;5.17;36.46;17.00;0.00; 0.00;  5.66;  -0.04;    0.00;        0;ENDLINE;
LINE;5.18;36.51;17.00;0.00; 0.00;  5.66;  -0.04;    0.00;        0;ENDLINE;
LINE;5.19;36.57;17.00;0.00; 0.00;  5.66;  -0.04;    0.00;        0;ENDLINE;
LINE;5.20;36.63;17.00;0.00; 0.00;  5.66;  -0.04;    0.00;        0;ENDLINE;
LINE;5.21;36.68;17.00;0.00; 0.00;  5.66;  -0.04;    0.00;        0;ENDLINE;
LINE;5.22;36.74;17.00;0.00; 0.00;  5.66;  -0.04;    0.00;        0;ENDLINE;
LINE;5.23;36.80;17.00;0.00; 0.00;  5.66;  -0.04;    0.00;        0;ENDLINE;
LINE;5.24;36.85;17.00;0.00; 0.00;  5.66;  -0.04;    0.00;        0;ENDLINE;
LINE;5.25;36.91;17.00;0.00; 0.00;  5.66;  -0.04;    0.00;        0;ENDLINE;
LINE;5.26;36.97;17.00;0.00; 0.00;  5.66;  -0.04;    0.00;        0;ENDLINE;
LINE;5.27;37.02;17.00;0.00; 0.00;  5.66;  -0.04;    0.00;        0;ENDLINE;
LINE;5.28;37.08;17.00;0.00; 0.00;  5.66;  -0.04;    0.00;        0;ENDLINE;
LINE;5.29;37.14;17.00;0.00; 0.00;  5.66;  -0.04;    0.00;        0;ENDLINE;
LINE;5.30;37.19;17.00;0.00; 0.00;  5.66;  -0.04;    0.00;        0;ENDLINE;
LINE;5.31;37.25;17.00;0.00; 0.00;  5.66;  -0.04;    0.00;        0;ENDLINE;
LINE;5.32;37.31;17.00;0.00; 0.00;  5.66;  -0.04;    0.00;        0;ENDLINE;
LINE;5.33;37.36;17.00;0.00; 0.00;  5.66;  -0.04;    0.00;        0;ENDLINE;
LINE;5.34;37.42;17.00;0.00; 0.00;  5.66;  -0.04;    0.00;        0;ENDLINE;
LINE;5.35;37.47;17.00;0.00; 0.00;  5.66;  -0.04;    0.00;        0;ENDLINE;
LINE;5.36;37.53;17.00;0.00; 0.00;  5.66;  -0.04;    0.00;        0;ENDLINE;
LINE;5.37;37.59;17.00;0.00; 0.00;  5.66;  -0.04;    0.00;        0;ENDLINE;
LINE;5.38;37.64;17.00;0.00; 0.00;  5.66;  -0.04;    0.00;        0;ENDLINE;
LINE;5.39;37.70;17.00;0.00; 0.00;  5.65;  -0.04;    0.00;        0;ENDLINE;
LINE;5.40;37.76;17.00;0.00; 0.00;  5.65;  -0.04;    0.00;        0;ENDLINE;
LINE;5.41;37.81;17.00;0.00; 0.00;  5.65;  -0.04;    0.00;        0;ENDLINE;
LINE;5.42;37.87;17.00;0.00; 0.00;  5.65;  -0.04;    0.00;        0;ENDLINE;
LINE;5.43;37.93;17.00;0.00; 0.00;  5.65;  -0.05;    0.00;        0;ENDLINE;
LINE;5.44;37.98;17.00;0.00; 0.00;  5.65;  -0.05;    0.00;        0;ENDLINE;
LINE;5.45;38.04;17.00;0.00; 0.00;  5.65;  -0.05;    0.00;        0;ENDLINE;
LINE;5.46;38.10;17.00;0.00; 0.00;  5.65;  -0.05;    0.00;        0;ENDLINE;
LINE;5.47;38.15;17.00;0.00; 0.00;  5.65;  -0.05;    0.00;        0;ENDLINE;
LINE;5.48;38.21;17.00;0.00; 0.00;  5.65;  -0.05;    0.00;        0;ENDLINE;
LINE;5.49;38.27;17.00;0.00; 0.00;  5.65;  -0.05;    0.00;        0;ENDLINE;
LINE;5.50;38.32;17.00;0.00; 0.00;  5.65;  -0.05;    0.00;        0;ENDLINE;
LINE;5.51;38.38;17.00;0.00; 0.00;  5.65;  -0.05;    0.00;        0;ENDLINE;
LINE;5.52;38.44;17.00;0.00; 0.00;  5.65;  -0.05;    0.00;        0;ENDLINE;
LINE;5.53;38.49;17.00;0.00; 0.00;  5.65;  -0.05;    0.00;        0;ENDLINE;
LINE;5.54;38.55;17.00;0.00; 0.00;  5.65;  -0.05;    0.00;        0;ENDLINE;
LINE;5.55;38.61;17.00;0.00; 0.00;  5.65;  -0.05;    0.00;        0;ENDLINE;
LINE;5.56;38.66;17.00;0.00; 0.00;  5.65;  -0.05;    0.00;        0;ENDLINE;
LINE;5.57;38.72;17.00;0.00; 0.00;  5.65;  -0.05;    0.00;        0;ENDLINE;
LINE;5.58;38.77;17.00;0.00; 0.00;  5.65;  -0.05;    0.00;        0;ENDLINE;
LINE;5.59;38.83;17.00;0.00; 0.00;  5.65;  -0.05;    0.00;        0;ENDLINE;
LINE;5.60;38.89;17.00;0.00; 0.00;  5.65;  -0.05;    0.00;        0;ENDLINE;
LINE;5.61;38.94;17.00;0.00; 0.00;  5.64;  -0.05;    0.00;        0;ENDLINE;
LINE;5.62;39.00;17.00;0.00; 0.00;  5.64;  -0.05;    0.00;        0;ENDLINE;
LINE;5.63;39.06;17.00;0.00; 0.00;  5.64;  -0.05;    0.00;        0;ENDLINE;
LINE;5.64;39.11;17.00;0.00; 0.00;  5.64;  -0.05;    0.00;        0;ENDLINE;
LINE;5.65;39.17;17.00;0.00; 0.00;  5.64;  -0.05;    0.00;        0;ENDLINE;
LINE;5.66;39.23;17.00;0.00; 0.00;  5.64;  -0.05;    0.00;        0;ENDLINE;
LINE;5.67;39.28;17.00;0.00; 0.00;  5.64;  -0.05;    0.00;        0;ENDLINE;
LINE;5.68;39.34;17.00;0.00; 0.00;  5.64;  -0.05;    0.00;        0;ENDLINE;
LINE;5.69;39.40;17.00;0.00; 0.00;  5.64;  -0.05;    0.00;        0;ENDLINE;
LINE;5.70;39.45;17.00;0.00; 0.00;  5.64;  -0.05;    0.00;        0;ENDLINE;
LINE;5.71;39.51;17.00;0.00; 0.00;  5.64;  -0.05;    0.00;        0;ENDLINE;
LINE;5.72;39.56;17.00;0.00; 0.00;  5.64;  -0.05;    0.00;        0;ENDLINE;
LINE;5.73;39.62;17.00;0.00; 0.00;  5.64;  -0.05;    0.00;        0;ENDLINE;
LINE;5.74;39.68;17.00;0.00; 0.00;  5.64;  -0.05;    0.00;        0;ENDLINE;
LINE;5.75;39.73;17.00;0.00; 0.00;  5.64;  -0.05;    0.00;        0;ENDLINE;
LINE;5.76;39.79;17.00;0.00; 0.00;  5.64;  -0.05;    0.00;        0;ENDLINE;
LINE;5.77;39.85;17.00;0.00; 0.00;  5.64;  -0.05;    0.00;        0;ENDLINE;
LINE;5.78;39.90;17.00;0.00; 0.00;  5.64;  -0.05;    0.00;        0;ENDLINE;
LINE;5.79;39.96;17.00;0.00; 0.00;  5.64;  -0.05;    0.00;        0;ENDLINE;
LINE;5.80;40.02;17.00;0.00; 0.00;  5.64;  -0.05;    0.00;        0;ENDLINE;
LINE;5.81;40.07;17.00;0.00; 0.00;  5.64;  -0.05;    0.00;        0;ENDLINE;
LINE;5.82;40.13;17.00;0.00; 0.00;  5.63;  -0.05;    0.00;        0;ENDLINE;
LINE;5.83;40.18;17.00;0.00; 0.00;  5.63;  -0.05;    0.00;        0;ENDLINE;
LINE;5.84;40.24;17.00;0.00; 0.00;  5.63;  -0.05;    0.00;        0;ENDLINE;
LINE;5.85;40.30;17.00;0.00; 0.00;  5.63;  -0.05;    0.00;        0;ENDLINE;
LINE;5.86;40.35;17.00;0.00; 0.00;  5.63;  -0.05;    0.00;        0;ENDLINE;
LINE;5.87;40.41;17.00;0.00; 0.00;  5.63;  -0.05;    0.00;        0;ENDLINE;
LINE;5.88;40.47;17.00;0.00; 0.00;  5.63;  -0.05;    0.00;        0;ENDLINE;
LINE;5.89;40.52;17.00;0.00; 0.00;  5.63;  -0.05;    0.00;        0;ENDLINE;
LINE;5.90;40.58;17.00;0.00; 0.00;  5.63;  -0.05;    0.00;        0;ENDLINE;
LINE;5.91;40.64;17.00;0.00; 0.00;  5.63;  -0.05;    0.00;        0;ENDLINE;
LINE;5.92;40.69;17.00;0.00; 0.00;  5.63;  -0.05;    0.00;        0;ENDLINE;
LINE;5.93;40.75;17.00;0.00; 0.00;  5.63;  -0.05;    0.00;        0;ENDLINE;
LINE;5.94;40.80;17.00;0.00; 0.00;  5.63;  -0.05;    0.00;        0;ENDLINE;
LINE;5.95;40.86;17.00;0.00; 0.00;  5.63;  -0.05;    0.00;        0;ENDLINE;
LINE;5.96;40.92;17.00;0.00; 0.00;  5.63;  -0.04;    0.00;        0;ENDLINE;
LINE;5.97;40.97;17.00;0.00; 0.00;  5.63;  -0.04;    0.00;        0;ENDLINE;
LINE;5.98;41.03;17.00;0.00; 0.00;  5.63;  -0.04;    0.00;        0;ENDLINE;
LINE;5.99;41.09;17.00;0.00; 0.00;  5.63;  -0.04;    0.00;        0;ENDLINE;
LINE;6.00;41.14;17.00;0.00; 0.00;  5.63;  -0.04;    0.00;        0;ENDLINE;
LINE;6.01;41.20;17.00;0.00; 0.00;  5.63;  -0.04;    0.00;        0;ENDLINE;
LINE;6.02;41.25;17.00;0.00; 0.00;  5.63;  -0.04;    0.00;        0;ENDLINE;
LINE;6.03;41.31;17.00;0.00; 0.00;  5.63;  -0.04;    0.00;        0;ENDLINE;
LINE;6.04;41.37;17.00;0.00; 0.00;  5.63;  -0.04;    0.00;        0;ENDLINE;
LINE;6.05;41.42;17.00;0.00; 0.00;  5.62;  -0.04;    0.00;        0;ENDLINE;
LINE;6.06;41.48;17.00;0.00; 0.00;  5.62;  -0.04;    0.00;        0;ENDLINE;
LINE;6.07;41.54;17.00;0.00; 0.00;  5.62;  -0.04;    0.00;        0;ENDLINE;
LINE;6.08;41.59;17.00;0.00; 0.00;  5.62;  -0.04;    0.00;        0;ENDLINE;
LINE;6.09;41.65;17.00;0.00; 0.00;  5.62;  -0.04;    0.00;        0;ENDLINE;
LINE;6.10;41.70;17.00;0.00; 0.00;  5.62;  -0.04;    0.00;        0;ENDLINE;
LINE;6.11;41.76;17.00;0.00; 0.00;  5.62;  -0.04;    0.00;        0;ENDLINE;
LINE;6.12;41.82;17.00;0.00; 0.00;  5.62;  -0.04;    0.00;        0;ENDLINE;
LINE;6.13;41.87;17.00;0.00; 0.00;  5.62;  -0.04;    0.00;        0;ENDLINE;
LINE;6.14;41.93;17.00;0.00; 0.00;  5.62;  -0.04;    0.00;        0;ENDLINE;
LINE;6.15;41.99;17.00;0.00; 0.00;  5.62;  -0.04;    0.00;        0;ENDLINE;
LINE;6.16;42.04;17.00;0.00; 0.00;  5.62;  -0.04;    0.00;        0;ENDLINE;
LINE;6.17;42.10;17.00;0.00; 0.00;  5.62;  -0.04;    0.00;        0;ENDLINE;
LINE;6.18;42.15;17.00;0.00; 0.00;  5.62;  -0.04;    0.00;        0;ENDLINE;
LINE;6.19;42.21;17.00;0.00; 0.00;  5.62;  -0.04;    0.00;        0;ENDLINE;
LINE;6.20;42.27;17.00;0.00; 0.00;  5.62;  -0.04;    0.00;        0;ENDLINE;
LINE;6.21;42.32;17.00;0.00; 0.00;  5.62;  -0.04;    0.00;        0;ENDLINE;
LINE;6.22;42.38;17.00;0.00; 0.00;  5.62;  -0.04;    0.00;        0;ENDLINE;
LINE;6.23;42.43;17.00;0.00; 0.00;  5.62;  -0.04;    0.00;        0;ENDLINE;
LINE;6.24;42.49;17.00;0.00; 0.00;  5.62;  -0.04;    0.00;        0;ENDLINE;
LINE;6.25;42.55;17.00;0.00; 0.00;  5.62;  -0.04;    0.00;        0;ENDLINE;
LINE;6.26;42.60;17.00;0.00; 0.00;  5.62;  -0.04;    0.00;        0;ENDLINE;
LINE;6.27;42.66;17.00;0.00; 0.00;  5.62;  -0.04;    0.00;        0;ENDLINE;
LINE;6.28;42.72;17.00;0.00; 0.00;  5.61;  -0.04;    0.00;        0;ENDLINE;
LINE;6.29;42.77;17.00;0.00; 0.00;  5.61;  -0.04;    0.00;        0;ENDLINE;
LINE;6.30;42.83;17.00;0.00; 0.00;  5.61;  -0.04;    0.00;        0;ENDLINE;
LINE;6.31;42.88;17.00;0.00; 0.00;  5.61;  -0.04;    0.00;        0;ENDLINE;
LINE;6.32;42.94;17.00;0.00; 0.00;  5.61;  -0.04;    0.00;        0;ENDLINE;
LINE;6.33;43.00;17.00;0.00; 0.00;  5.61;  -0.04;    0.00;        0;ENDLINE;
LINE;6.34;43.05;17.00;0.00; 0.00;  5.61;  -0.04;    0.00;        0;ENDLINE;
LINE;6.35;43.11;17.00;0.00; 0.00;  5.61;  -0.04;    0.00;        0;ENDLINE;
LINE;6.36;43.16;17.00;0.00; 0.00;  5.61;  -0.04;    0.00;        0;ENDLINE;
LINE;6.37;43.22;17.00;0.00; 0.00;  5.61;  -0.04;    0.00;        0;ENDLINE;
LINE;6.38;43.28;17.00;0.00; 0.00;  5.61;  -0.04;    0.00;        0;ENDLINE;
LINE;6.39;43.33;17.00;0.00; 0.00;  5.61;  -0.04;    0.00;        0;ENDLINE;
LINE;6.40;43.39;17.00;0.00; 0.00;  5.61;  -0.04;    0.00;        0;ENDLINE;
LINE;6.41;43.45;17.00;0.00; 0.00;  5.61;  -0.04;    0.00;        0;ENDLINE;
LINE;6.42;43.50;17.00;0.00; 0.00;  5.61;  -0.04;    0.00;        0;ENDLINE;
LINE;6.43;43.56;17.00;0.00; 0.00;  5.61;  -0.04;    0.00;        0;ENDLINE;
LINE;6.44;43.61;17.00;0.00; 0.00;  5.61;  -0.04;    0.00;        0;ENDLINE;
LINE;6.45;43.67;17.00;0.00; 0.00;  5.61;  -0.04;    0.00;        0;ENDLINE;
LINE;6.46;43.73;17.00;0.00; 0.00;  5.61;  -0.04;    0.00;        0;ENDLINE;
LINE;6.47;43.78;17.00;0.00; 0.00;  5.61;  -0.04;    0.00;        0;ENDLINE;
LINE;6.48;43.84;17.00;0.00; 0.00;  5.61;  -0.04;    0.00;        0;ENDLINE;
LINE;6.49;43.89;17.00;0.00; 0.00;  5.61;  -0.04;    0.00;        0;ENDLINE;
LINE;6.50;43.95;17.00;0.00; 0.00;  5.61;  -0.04;    0.00;        0;ENDLINE;
LINE;6.51;44.01;17.00;0.00; 0.00;  5.61;  -0.04;    0.00;        0;ENDLINE;
LINE;6.52;44.06;17.00;0.00; 0.00;  5.60;  -0.04;    0.00;        0;ENDLINE;
LINE;6.53;44.12;17.00;0.00; 0.00;  5.60;  -0.04;    0.00;        0;ENDLINE;
LINE;6.54;44.17;17.00;0.00; 0.00;  5.60;  -0.04;    0.00;        0;ENDLINE;
LINE;6.55;44.23;17.00;0.00; 0.00;  5.60;  -0.04;    0.00;        0;ENDLINE;
LINE;6.56;44.29;17.00;0.00; 0.00;  5.60;  -0.04;    0.00;        0;ENDLINE;
LINE;6.57;44.34;17.00;0.00; 0.00;  5.60;  -0.04;    0.00;        0;ENDLINE;
LINE;6.58;44.40;17.00;0.00; 0.00;  5.60;  -0.04;    0.00;        0;ENDLINE;
LINE;6.59;44.45;17.00;0.00; 0.00;  5.60;  -0.04;    0.00;        0;ENDLINE;
LINE;6.60;44.51;17.00;0.00; 0.00;  5.60;  -0.04;    0.00;        0;ENDLINE;
LINE;6.61;44.57;17.00;0.00; 0.00;  5.60;  -0.04;    0.00;        0;ENDLINE;
LINE;6.62;44.62;17.00;0.00; 0.00;  5.60;  -0.04;    0.00;        0;ENDLINE;
LINE;6.63;44.68;17.00;0.00; 0.00;  5.60;  -0.04;    0.00;        0;ENDLINE;
LINE;6.64;44.73;17.00;0.00; 0.00;  5.60;  -0.04;    0.00;        0;ENDLINE;
LINE;6.65;44.79;17.00;0.00; 0.00;  5.60;  -0.04;    0.00;        0;ENDLINE;
LINE;6.66;44.85;17.00;0.00; 0.00;  5.60;  -0.04;    0.00;        0;ENDLINE;
LINE;6.67;44.90;17.00;0.00; 0.00;  5.60;  -0.04;    0.00;        0;ENDLINE;
LINE;6.68;44.96;17.00;0.00; 0.00;  5.60;  -0.04;    0.00;        0;ENDLINE;
LINE;6.69;45.01;17.00;0.00; 0.00;  5.60;  -0.04;    0.00;        0;ENDLINE;
LINE;6.70;45.07;17.00;0.00; 0.00;  5.60;  -0.04;    0.00;        0;ENDLINE;
LINE;6.71;45.13;17.00;0.00; 0.00;  5.60;  -0.04;    0.00;        0;ENDLINE;
LINE;6.72;45.18;17.00;0.00; 0.00;  5.60;  -0.04;    0.00;        0;ENDLINE;
LINE;6.73;45.24;17.00;0.00; 0.00;  5.60;  -0.04;    0.00;        0;ENDLINE;
LINE;6.74;45.29;17.00;0.00; 0.00;  5.60;  -0.04;    0.00;        0;ENDLINE;
LINE;6.75;45.35;17.00;0.00; 0.00;  5.60;  -0.09;    0.00;        0;ENDLINE;
LINE;6.76;45.41;17.00;0.00; 0.00;  5.60;  -0.28;    0.00;        0;ENDLINE;
LINE;6.77;45.46;17.00;0.00; 0.00;  5.59;  -0.48;    0.00;        0;ENDLINE;
LINE;6.78;45.52;17.00;0.00; 0.00;  5.59;  -0.64;    0.00;        0;ENDLINE;
LINE;6.79;45.57;17.00;0.00; 0.00;  5.58;  -0.85;    0.00;        0;ENDLINE;
LINE;6.80;45.63;17.00;0.00; 0.00;  5.57;  -1.06;    0.00;        0;ENDLINE;
LINE;6.81;45.69;17.00;0.00; 0.00;  5.56;  -1.21;    0.00;        0;ENDLINE;
LINE;6.82;45.74;17.00;0.00; 0.00;  5.55;  -1.35;    0.00;        0;ENDLINE;
LINE;6.83;45.80;17.00;0.00; 0.00;  5.54;  -1.49;    0.00;        0;ENDLINE;
LINE;6.84;45.85;17.00;0.00; 0.00;  5.52;  -1.62;    0.00;        0;ENDLINE;
LINE;6.85;45.91;17.00;0.00; 0.00;  5.51;  -1.72;    0.00;        0;ENDLINE;
LINE;6.86;45.96;17.00;0.00; 0.00;  5.49;  -1.82;    0.00;        0;ENDLINE;
LINE;6.87;46.02;17.00;0.00; 0.00;  5.47;  -1.91;    0.00;        0;ENDLINE;
LINE;6.88;46.07;17.00;0.00; 0.00;  5.45;  -1.99;    0.00;        0;ENDLINE;
LINE;6.89;46.13;17.00;0.00; 0.00;  5.43;  -2.06;    0.00;        0;ENDLINE;
LINE;6.90;46.18;17.00;0.00; 0.00;  5.41;  -2.14;    0.00;        0;ENDLINE;
LINE;6.91;46.23;17.00;0.00; 0.00;  5.39;  -2.20;    0.00;        0;ENDLINE;
LINE;6.92;46.29;17.00;0.00; 0.00;  5.37;  -2.26;    0.00;        0;ENDLINE;
LINE;6.93;46.34;17.00;0.00; 0.00;  5.34;  -2.32;    0.00;        0;ENDLINE;
LINE;6.94;46.39;17.00;0.00; 0.00;  5.32;  -2.37;    0.00;        0;ENDLINE;
LINE;6.95;46.45;17.00;0.00; 0.00;  5.30;  -2.42;    0.00;        0;ENDLINE;
LINE;6.96;46.50;17.00;0.00; 0.00;  5.27;  -2.46;    0.00;        0;ENDLINE;
LINE;6.97;46.55;17.00;0.00; 0.00;  5.25;  -2.51;    0.00;        0;ENDLINE;
LINE;6.98;46.61;17.00;0.00; 0.00;  5.22;  -2.55;    0.00;        0;ENDLINE;
LINE;6.99;46.66;17.00;0.00; 0.00;  5.20;  -2.59;    0.00;        0;ENDLINE;
LINE;7.00;46.71;17.00;0.00; 0.00;  5.17;  -2.62;    0.00;        0;ENDLINE;
LINE;7.01;46.76;17.00;0.00; 0.00;  5.15;  -2.65;    0.00;        0;ENDLINE;
LINE;7.02;46.81;17.00;0.00; 0.00;  5.12;  -2.68;    0.00;        0;ENDLINE;
LINE;7.03;46.86;17.00;0.00; 0.00;  5.09;  -2.72;    0.00;        0;ENDLINE;
LINE;7.04;46.91;17.00;0.00; 0.00;  5.07;  -2.75;    0.00;        0;ENDLINE;
LINE;7.05;46.96;17.00;0.00; 0.00;  5.04;  -2.78;    0.00;        0;ENDLINE;
LINE;7.06;47.01;17.00;0.00; 0.00;  5.01;  -2.81;    0.00;        0;ENDLINE;
LINE;7.07;47.06;17.00;0.00; 0.00;  4.98;  -2.84;    0.00;        0;ENDLINE;
LINE;7.08;47.11;17.00;0.00; 0.00;  4.95;  -2.86;    0.00;        0;ENDLINE;
LINE;7.09;47.16;17.00;0.00; 0.00;  4.93;  -2.89;    0.00;        0;ENDLINE;
LINE;7.10;47.21;17.00;0.00; 0.00;  4.90;  -2.91;    0.00;        0;ENDLINE;
LINE;7.11;47.26;17.00;0.00; 0.00;  4.87;  -2.94;    0.00;        0;ENDLINE;
LINE;7.12;47.31;17.00;0.00; 0.00;  4.84;  -2.96;    0.00;        0;ENDLINE;
LINE;7.13;47.36;17.00;0.00; 0.00;  4.81;  -2.98;    0.00;        0;ENDLINE;
LINE;7.14;47.41;17.00;0.00; 0.00;  4.78;  -3.00;    0.00;        0;ENDLINE;
LINE;7.15;47.45;17.00;0.00; 0.00;  4.75;  -3.02;    0.00;        0;ENDLINE;
LINE;7.16;47.50;17.00;0.00; 0.00;  4.72;  -3.04;    0.00;        0;ENDLINE;
LINE;7.17;47.55;17.00;0.00; 0.00;  4.69;  -3.06;    0.00;        0;ENDLINE;
LINE;7.18;47.59;17.00;0.00; 0.00;  4.66;  -3.07;    0.00;        0;ENDLINE;
LINE;7.19;47.64;17.00;0.00; 0.00;  4.63;  -3.09;    0.00;        0;ENDLINE;
LINE;7.20;47.69;17.00;0.00; 0.00;  4.60;  -3.10;    0.00;        0;ENDLINE;
LINE;7.21;47.73;17.00;0.00; 0.00;  4.56;  -3.11;    0.00;        0;ENDLINE;
LINE;7.22;47.78;17.00;0.00; 0.00;  4.53;  -3.12;    0.00;        0;ENDLINE;
LINE;7.23;47.82;17.00;0.00; 0.00;  4.50;  -3.13;    0.00;        0;ENDLINE;
LINE;7.24;47.87;17.00;0.00; 0.00;  4.47;  -3.14;    0.00;        0;ENDLINE;
LINE;7.25;47.91;17.00;0.00; 0.00;  4.44;  -3.15;    0.00;        0;ENDLINE;
LINE;7.26;47.96;17.00;0.00; 0.00;  4.41;  -3.15;    0.00;        0;ENDLINE;
LINE;7.27;48.00;17.00;0.00; 0.00;  4.38;  -3.16;    0.00;        0;ENDLINE;
LINE;7.28;48.04;17.00;0.00; 0.00;  4.35;  -3.17;    0.00;        0;ENDLINE;
LINE;7.29;48.09;17.00;0.00; 0.00;  4.31;  -3.17;    0.00;        0;ENDLINE;
LINE;7.30;48.13;17.00;0.00; 0.00;  4.28;  -3.18;    0.00;        0;ENDLINE;
LINE;7.31;48.17;17.00;0.00; 0.00;  4.25;  -3.18;    0.00;        0;ENDLINE;
LINE;7.32;48.22;17.00;0.00; 0.00;  4.22;  -3.18;    0.00;        0;ENDLINE;
LINE;7.33;48.26;17.00;0.00; 0.00;  4.19;  -3.19;    0.00;        0;ENDLINE;
LINE;7.34;48.30;17.00;0.00; 0.00;  4.15;  -3.19;    0.00;        0;ENDLINE;
LINE;7.35;48.34;17.00;0.00; 0.00;  4.12;  -3.19;    0.00;        0;ENDLINE;
LINE;7.36;48.38;17.00;0.00; 0.00;  4.09;  -3.19;    0.00;        0;ENDLINE;
LINE;7.37;48.42;17.00;0.00; 0.00;  4.06;  -3.19;    0.00;        0;ENDLINE;
LINE;7.38;48.46;17.00;0.00; 0.00;  4.03;  -3.20;    0.00;        0;ENDLINE;
LINE;7.39;48.50;17.00;0.00; 0.00;  3.99;  -3.20;    0.00;        0;ENDLINE;
LINE;7.40;48.54;17.00;0.00; 0.00;  3.96;  -3.21;    0.00;        0;ENDLINE;
LINE;7.41;48.58;17.00;0.00; 0.00;  3.93;  -3.23;    0.00;        0;ENDLINE;
LINE;7.42;48.62;17.00;0.00; 0.00;  3.90;  -3.24;    0.00;        0;ENDLINE;
LINE;7.43;48.66;17.00;0.00; 0.00;  3.87;  -3.25;    0.00;        0;ENDLINE;
LINE;7.44;48.70;17.00;0.00; 0.00;  3.83;  -3.25;    0.00;        0;ENDLINE;
LINE;7.45;48.74;17.00;0.00; 0.00;  3.80;  -3.26;    0.00;        0;ENDLINE;
LINE;7.46;48.77;17.00;0.00; 0.00;  3.77;  -3.26;    0.00;        0;ENDLINE;
LINE;7.47;48.81;17.00;0.00; 0.00;  3.74;  -3.27;    0.00;        0;ENDLINE;
LINE;7.48;48.85;17.00;0.00; 0.00;  3.70;  -3.28;    0.00;        0;ENDLINE;
LINE;7.49;48.89;17.00;0.00; 0.00;  3.67;  -3.28;    0.00;        0;ENDLINE;
LINE;7.50;48.92;17.00;0.00; 0.00;  3.64;  -3.28;    0.00;        0;ENDLINE;
LINE;7.51;48.96;17.00;0.00; 0.00;  3.60;  -3.29;    0.00;        0;ENDLINE;
LINE;7.52;49.00;17.00;0.00; 0.00;  3.57;  -3.29;    0.00;        0;ENDLINE;
LINE;7.53;49.03;17.00;0.00; 0.00;  3.54;  -3.29;    0.00;        0;ENDLINE;
LINE;7.54;49.07;17.00;0.00; 0.00;  3.51;  -3.29;    0.00;        0;ENDLINE;
LINE;7.55;49.10;17.00;0.00; 0.00;  3.47;  -3.29;    0.00;        0;ENDLINE;
LINE;7.56;49.14;17.00;0.00; 0.00;  3.44;  -3.30;    0.00;        0;ENDLINE;
LINE;7.57;49.17;17.00;0.00; 0.00;  3.41;  -3.30;    0.00;        0;ENDLINE;
LINE;7.58;49.20;17.00;0.00; 0.00;  3.37;  -3.30;    0.00;        0;ENDLINE;
LINE;7.59;49.24;17.00;0.00; 0.00;  3.34;  -3.29;    0.00;        0;ENDLINE;
LINE;7.60;49.27;17.00;0.00; 0.00;  3.31;  -3.29;    0.00;        0;ENDLINE;
LINE;7.61;49.30;17.00;0.00; 0.00;  3.28;  -3.28;    0.00;        0;ENDLINE;
LINE;7.62;49.34;17.00;0.00; 0.00;  3.24;  -3.27;    0.00;        0;ENDLINE;
LINE;7.63;49.37;17.00;0.00; 0.00;  3.21;  -3.26;    0.00;        0;ENDLINE;
LINE;7.64;49.40;17.00;0.00; 0.00;  3.18;  -3.25;    0.00;        0;ENDLINE;
LINE;7.65;49.43;17.00;0.00; 0.00;  3.14;  -3.24;    0.00;        0;ENDLINE;
LINE;7.66;49.46;17.00;0.00; 0.00;  3.11;  -3.24;    0.00;        0;ENDLINE;
LINE;7.67;49.49;17.00;0.00; 0.00;  3.08;  -3.23;    0.00;        0;ENDLINE;
LINE;7.68;49.52;17.00;0.00; 0.00;  3.05;  -3.23;    0.00;        0;ENDLINE;
LINE;7.69;49.55;17.00;0.00; 0.00;  3.02;  -3.22;    0.00;        0;ENDLINE;
LINE;7.70;49.58;17.00;0.00; 0.00;  2.98;  -3.22;    0.00;        0;ENDLINE;
LINE;7.71;49.61;17.00;0.00; 0.00;  2.95;  -3.21;    0.00;        0;ENDLINE;
LINE;7.72;49.64;17.00;0.00; 0.00;  2.92;  -3.21;    0.00;        0;ENDLINE;
LINE;7.73;49.67;17.00;0.00; 0.00;  2.89;  -3.20;    0.00;        0;ENDLINE;
LINE;7.74;49.70;17.00;0.00; 0.00;  2.85;  -3.20;    0.00;        0;ENDLINE;
LINE;7.75;49.73;17.00;0.00; 0.00;  2.82;  -3.19;    0.00;        0;ENDLINE;
LINE;7.76;49.76;17.00;0.00; 0.00;  2.79;  -3.19;    0.00;        0;ENDLINE;
LINE;7.77;49.79;17.00;0.00; 0.00;  2.76;  -3.18;    0.00;        0;ENDLINE;
LINE;7.78;49.81;17.00;0.00; 0.00;  2.73;  -3.18;    0.00;        0;ENDLINE;
LINE;7.79;49.84;17.00;0.00; 0.00;  2.70;  -3.17;    0.00;        0;ENDLINE;
LINE;7.80;49.87;17.00;0.00; 0.00;  2.66;  -3.17;    0.00;        0;ENDLINE;
LINE;7.81;49.89;17.00;0.00; 0.00;  2.63;  -3.16;    0.00;        0;ENDLINE;
LINE;7.82;49.92;17.00;0.00; 0.00;  2.60;  -3.16;    0.00;        0;ENDLINE;
LINE;7.83;49.95;17.00;0.00; 0.00;  2.57;  -3.14;    0.00;        0;ENDLINE;
LINE;7.84;49.97;17.00;0.00; 0.00;  2.54;  -3.11;    0.00;        0;ENDLINE;
LINE;7.85;50.00;17.00;0.00; 0.00;  2.51;  -3.09;    0.00;        0;ENDLINE;
LINE;7.86;50.02;17.00;0.00; 0.00;  2.48;  -3.06;    0.00;        0;ENDLINE;
LINE;7.87;50.05;17.00;0.00; 0.00;  2.44;  -3.05;    0.00;        0;ENDLINE;
LINE;7.88;50.07;17.00;0.00; 0.00;  2.41;  -3.04;    0.00;        0;ENDLINE;
LINE;7.89;50.09;17.00;0.00; 0.00;  2.38;  -3.05;    0.00;        0;ENDLINE;
LINE;7.90;50.12;17.00;0.00; 0.00;  2.35;  -3.04;    0.00;        0;ENDLINE;
LINE;7.91;50.14;17.00;0.00; 0.00;  2.32;  -3.02;    0.00;        0;ENDLINE;
LINE;7.92;50.16;17.00;0.00; 0.00;  2.29;  -3.00;    0.00;        0;ENDLINE;
LINE;7.93;50.19;17.00;0.00; 0.00;  2.26;  -2.97;    0.00;        0;ENDLINE;
LINE;7.94;50.21;17.00;0.00; 0.00;  2.23;  -2.95;    0.00;        0;ENDLINE;
LINE;7.95;50.23;17.00;0.00; 0.00;  2.20;  -2.94;    0.00;        0;ENDLINE;
LINE;7.96;50.25;17.00;0.00; 0.00;  2.17;  -2.93;    0.00;        0;ENDLINE;
LINE;7.97;50.27;17.00;0.00; 0.00;  2.14;  -2.93;    0.00;        0;ENDLINE;
LINE;7.98;50.30;17.00;0.00; 0.00;  2.12;  -2.92;    0.00;        0;ENDLINE;
LINE;7.99;50.32;17.00;0.00; 0.00;  2.09;  -2.90;    0.00;        0;ENDLINE;
LINE;8.00;50.34;17.00;0.00; 0.00;  2.06;  -2.89;    0.00;        0;ENDLINE;
LINE;8.01;50.36;17.00;0.00; 0.00;  2.03;  -2.87;    0.00;        0;ENDLINE;
LINE;8.02;50.38;17.00;0.00; 0.00;  2.00;  -2.86;    0.00;        0;ENDLINE;
LINE;8.03;50.40;17.00;0.00; 0.00;  1.97;  -2.86;    0.00;        0;ENDLINE;
LINE;8.04;50.42;17.00;0.00; 0.00;  1.94;  -2.85;    0.00;        0;ENDLINE;
LINE;8.05;50.44;17.00;0.00; 0.00;  1.91;  -2.84;    0.00;        0;ENDLINE;
LINE;8.06;50.46;17.00;0.00; 0.00;  1.89;  -2.83;    0.00;        0;ENDLINE;
LINE;8.07;50.47;17.00;0.00; 0.00;  1.86;  -2.82;    0.00;        0;ENDLINE;
LINE;8.08;50.49;17.00;0.00; 0.00;  1.83;  -2.80;    0.00;        0;ENDLINE;
LINE;8.09;50.51;17.00;0.00; 0.00;  1.80;  -2.79;    0.00;        0;ENDLINE;
LINE;8.10;50.53;17.00;0.00; 0.00;  1.77;  -2.78;    0.00;        0;ENDLINE;
LINE;8.11;50.55;17.00;0.00; 0.00;  1.75;  -2.78;    0.00;        0;ENDLINE;
LINE;8.12;50.56;17.00;0.00; 0.00;  1.72;  -2.77;    0.00;        0;ENDLINE;
LINE;8.13;50.58;17.00;0.00; 0.00;  1.69;  -2.76;    0.00;        0;ENDLINE;
LINE;8.14;50.60;17.00;0.00; 0.00;  1.66;  -2.74;    0.00;        0;ENDLINE;
LINE;8.15;50.61;17.00;0.00; 0.00;  1.64;  -2.73;    0.00;        0;ENDLINE;
LINE;8.16;50.63;17.00;0.00; 0.00;  1.61;  -2.72;    0.00;        0;ENDLINE;
LINE;8.17;50.65;17.00;0.00; 0.00;  1.58;  -2.71;    0.00;        0;ENDLINE;
LINE;8.18;50.66;17.00;0.00; 0.00;  1.55;  -2.71;    0.00;        0;ENDLINE;
LINE;8.19;50.68;17.00;0.00; 0.00;  1.53;  -2.70;    0.00;        0;ENDLINE;
LINE;8.20;50.69;17.00;0.00; 0.00;  1.50;  -2.70;    0.00;        0;ENDLINE;
LINE;8.21;50.71;17.00;0.00; 0.00;  1.47;  -2.69;    0.00;        0;ENDLINE;
LINE;8.22;50.72;17.00;0.00; 0.00;  1.45;  -2.68;    0.00;        0;ENDLINE;
LINE;8.23;50.74;17.00;0.00; 0.00;  1.42;  -2.67;    0.00;        0;ENDLINE;
LINE;8.24;50.75;17.00;0.00; 0.00;  1.39;  -2.66;    0.00;        0;ENDLINE;
LINE;8.25;50.76;17.00;0.00; 0.00;  1.37;  -2.65;    0.00;        0;ENDLINE;
LINE;8.26;50.78;17.00;0.00; 0.00;  1.34;  -2.65;    0.00;        0;ENDLINE;
LINE;8.27;50.79;17.00;0.00; 0.00;  1.31;  -2.64;    0.00;        0;ENDLINE;
LINE;8.28;50.80;17.00;0.00; 0.00;  1.29;  -2.63;    0.00;        0;ENDLINE;
LINE;8.29;50.82;17.00;0.00; 0.00;  1.26;  -2.62;    0.00;        0;ENDLINE;
LINE;8.30;50.83;17.00;0.00; 0.00;  1.23;  -2.61;    0.00;        0;ENDLINE;
LINE;8.31;50.84;17.00;0.00; 0.00;  1.21;  -2.60;    0.00;        0;ENDLINE;
LINE;8.32;50.85;17.00;0.00; 0.00;  1.18;  -2.59;    0.00;        0;ENDLINE;
LINE;8.33;50.86;17.00;0.00; 0.00;  1.16;  -2.58;    0.00;        0;ENDLINE;
LINE;8.34;50.88;17.00;0.00; 0.00;  1.13;  -2.58;    0.00;        0;ENDLINE;
LINE;8.35;50.89;17.00;0.00; 0.00;  1.10;  -2.57;    0.00;        0;ENDLINE;
LINE;8.36;50.90;17.00;0.00; 0.00;  1.08;  -2.56;    0.00;        0;ENDLINE;
LINE;8.37;50.91;17.00;0.00; 0.00;  1.05;  -2.55;    0.00;        0;ENDLINE;
LINE;8.38;50.92;17.00;0.00; 0.00;  1.03;  -2.54;    0.00;        0;ENDLINE;
LINE;8.39;50.93;17.00;0.00; 0.00;  1.00;  -2.53;    0.00;        0;ENDLINE;
LINE;8.40;50.94;17.00;0.00; 0.00;  0.98;  -2.52;    0.00;        0;ENDLINE;
LINE;8.41;50.95;17.00;0.00; 0.00;  0.95;  -2.51;    0.00;        0;ENDLINE;
LINE;8.42;50.96;17.00;0.00; 0.00;  0.93;  -2.50;    0.00;        0;ENDLINE;
LINE;8.43;50.97;17.00;0.00; 0.00;  0.90;  -2.49;    0.00;        0;ENDLINE;
LINE;8.44;50.98;17.00;0.00; 0.00;  0.88;  -2.48;    0.00;        0;ENDLINE;
LINE;8.45;50.98;17.00;0.00; 0.00;  0.85;  -2.47;    0.00;        0;ENDLINE;
LINE;8.46;50.99;17.00;0.00; 0.00;  0.83;  -2.46;    0.00;        0;ENDLINE;
LINE;8.47;51.00;17.00;0.00; 0.00;  0.80;  -2.45;    0.00;        0;ENDLINE;
LINE;8.48;51.01;17.00;0.00; 0.00;  0.78;  -2.44;    0.00;        0;ENDLINE;
LINE;8.49;51.02;17.00;0.00; 0.00;  0.75;  -2.44;    0.00;        0;ENDLINE;
LINE;8.50;51.02;17.00;0.00; 0.00;  0.73;  -2.43;    0.00;        0;ENDLINE;
LINE;8.51;51.03;17.00;0.00; 0.00;  0.70;  -2.42;    0.00;        0;ENDLINE;
LINE;8.52;51.04;17.00;0.00; 0.00;  0.68;  -2.41;    0.00;        0;ENDLINE;
LINE;8.53;51.04;17.00;0.00; 0.00;  0.66;  -2.40;    0.00;        0;ENDLINE;
LINE;8.54;51.05;17.00;0.00; 0.00;  0.63;  -2.39;    0.00;        0;ENDLINE;
LINE;8.55;51.06;17.00;0.00; 0.00;  0.61;  -2.38;    0.00;        0;ENDLINE;
LINE;8.56;51.06;17.00;0.00; 0.00;  0.58;  -2.37;    0.00;        0;ENDLINE;
LINE;8.57;51.07;17.00;0.00; 0.00;  0.56;  -2.36;    0.00;        0;ENDLINE;
LINE;8.58;51.07;17.00;0.00; 0.00;  0.54;  -2.35;    0.00;        0;ENDLINE;
LINE;8.59;51.08;17.00;0.00; 0.00;  0.51;  -2.34;    0.00;        0;ENDLINE;
LINE;8.60;51.08;17.00;0.00; 0.00;  0.49;  -2.33;    0.00;        0;ENDLINE;
LINE;8.61;51.09;17.00;0.00; 0.00;  0.47;  -2.32;    0.00;        0;ENDLINE;
LINE;8.62;51.09;17.00;0.00; 0.00;  0.44;  -2.31;    0.00;        0;ENDLINE;
LINE;8.63;51.10;17.00;0.00; 0.00;  0.42;  -2.30;    0.00;        0;ENDLINE;
LINE;8.64;51.10;17.00;0.00; 0.00;  0.40;  -2.29;    0.00;        0;ENDLINE;
LINE;8.65;51.11;17.00;0.00; 0.00;  0.38;  -2.28;    0.00;        0;ENDLINE;
LINE;8.66;51.11;17.00;0.00; 0.00;  0.35;  -2.27;    0.00;        0;ENDLINE;
LINE;8.67;51.11;17.00;0.00; 0.00;  0.33;  -2.26;    0.00;        0;ENDLINE;
LINE;8.68;51.12;17.00;0.00; 0.00;  0.31;  -2.25;    0.00;        0;ENDLINE;
LINE;8.69;51.12;17.00;0.00; 0.00;  0.28;  -2.24;    0.00;        0;ENDLINE;
LINE;8.70;51.12;17.00;0.00; 0.00;  0.26;  -2.23;    0.00;        0;ENDLINE;
LINE;8.71;51.12;17.00;0.00; 0.00;  0.24;  -2.23;    0.00;        0;ENDLINE;
LINE;8.72;51.13;17.00;0.00; 0.00;  0.22;  -2.22;    0.00;        0;ENDLINE;
LINE;8.73;51.13;17.00;0.00; 0.00;  0.20;  -2.21;    0.00;        0;ENDLINE;
LINE;8.74;51.13;17.00;0.00; 0.00;  0.17;  -2.20;    0.00;        0;ENDLINE;
LINE;8.75;51.13;17.00;0.00; 0.00;  0.15;  -2.19;    0.00;        0;ENDLINE;
LINE;8.76;51.13;17.00;0.00; 0.00;  0.13;  -2.18;    0.00;        0;ENDLINE;
LINE;8.77;51.14;17.00;0.00; 0.00;  0.11;  -2.18;    0.00;        0;ENDLINE;
LINE;8.78;51.14;17.00;0.00; 0.00;  0.09;  -2.17;    0.00;        0;ENDLINE;
LINE;8.79;51.14;17.00;0.00; 0.00;  0.06;  -2.15;    0.00;        0;ENDLINE;
LINE;8.80;51.14;17.00;0.00; 0.00;  0.04;  -2.04;    0.00;        0;ENDLINE;
LINE;8.81;51.14;17.00;0.00; 0.00;  0.02;  -1.49;    0.00;        0;ENDLINE;
LINE;8.82;51.14;17.00;0.00; 0.00;  0.01;  -0.57;    0.00;        0;ENDLINE;
LINE;8.83;51.14;17.00;0.00; 0.00;  0.00;  -0.26;    0.00;        0;ENDLINE;
LINE;8.84;51.14;17.00;0.00; 0.00;  0.00;  -0.12;    0.00;        0;ENDLINE;
LINE;8.85;51.14;17.00;0.00; 0.00;  0.00;   0.00;    0.00;        0;ENDLINE;
LINE;8.86;51.14;17.00;0.00; 0.00;  0.00;   0.07;    0.00;        0;ENDLINE;
LINE;8.87;51.14;17.00;0.00; 0.00;  0.00;   0.09;    0.00;        0;ENDLINE;
LINE;8.88;51.14;17.00;0.00; 0.00;  0.00;   0.10;    0.00;        0;ENDLINE;
LINE;8.89;51.14;17.00;0.00; 0.00;  0.00;   0.10;    0.00;        0;ENDLINE;
LINE;8.90;51.14;17.00;0.00; 0.00;  0.00;   0.09;    0.00;        0;ENDLINE;
LINE;8.91;51.14;17.00;0.00; 0.00;  0.00;   0.07;    0.00;        0;ENDLINE;
LINE;8.92;51.14;17.00;0.00; 0.00;  0.00;   0.05;    0.00;        0;ENDLINE;
LINE;8.93;51.14;17.00;0.00; 0.00;  0.00;   0.03;    0.00;        0;ENDLINE;
LINE;8.94;51.14;17.00;0.00; 0.00;  0.00;   0.01;    0.00;        0;ENDLINE;
LINE;8.95;51.14;17.00;0.00; 0.00;  0.00;  -0.01;    0.00;        0;ENDLINE;
LINE;8.96;51.14;17.00;0.00; 0.00;  0.00;  -0.03;    0.00;        0;ENDLINE;
LINE;8.97;51.14;17.00;0.00; 0.00;  0.00;  -0.04;    0.00;        0;ENDLINE;
LINE;8.98;51.14;17.00;0.00; 0.00;  0.00;  -0.05;    0.00;        0;ENDLINE;
LINE;8.99;51.14;17.00;0.00; 0.00;  0.00;  -0.05;    0.00;        0;ENDLINE;
LINE;9.00;51.14;17.00;0.00; 0.00;  0.00;  -0.05;    0.00;        0;ENDLINE;
LINE;9.01;51.14;17.00;0.00; 0.00;  0.00;  -0.04;    0.00;        0;ENDLINE;
LINE;9.02;51.14;17.00;0.00; 0.00;  0.00;  -0.04;    0.00;        0;ENDLINE;
LINE;9.03;51.14;17.00;0.00; 0.00;  0.00;  -0.03;    0.00;        0;ENDLINE;
LINE;9.04;51.14;17.00;0.00; 0.00;  0.00;  -0.02;    0.00;        0;ENDLINE;
LINE;9.05;51.14;17.00;0.00; 0.00;  0.00;   0.00;    0.00;        0;ENDLINE;
LINE;9.06;51.14;17.00;0.00; 0.00;  0.00;   0.00;    0.00;        0;ENDLINE;
LINE;9.07;51.14;17.00;0.00; 0.00;  0.00;   0.00;    0.00;        0;ENDLINE;
LINE;9.08;51.14;17.00;0.00; 0.00;  0.00;   0.01;    0.00;        0;ENDLINE;
LINE;9.09;51.14;17.00;0.00; 0.00;  0.00;   0.01;    0.00;        0;ENDLINE;
LINE;9.10;51.14;17.00;0.00; 0.00;  0.00;   0.02;    0.00;        0;ENDLINE;
LINE;9.11;51.14;17.00;0.00; 0.00;  0.00;   0.02;    0.00;        0;ENDLINE;
LINE;9.12;51.14;17.00;0.00; 0.00;  0.00;   0.01;    0.00;        0;ENDLINE;
LINE;9.13;51.14;17.00;0.00; 0.00;  0.00;   0.01;    0.00;        0;ENDLINE;
LINE;9.14;51.14;17.00;0.00; 0.00;  0.00;   0.00;    0.00;        0;ENDLINE;
LINE;9.15;51.14;17.00;0.00; 0.00;  0.00;   0.00;    0.00;        0;ENDLINE;
LINE;9.16;51.14;17.00;0.00; 0.00;  0.00;  -0.02;    0.00;        0;ENDLINE;
LINE;9.17;51.14;17.00;0.00; 0.00;  0.00;  -0.03;    0.00;        0;ENDLINE;
LINE;9.18;51.14;17.00;0.00; 0.00;  0.00;  -0.03;    0.00;        0;ENDLINE;
LINE;9.19;51.14;17.00;0.00; 0.00;  0.00;  -0.04;    0.00;        0;ENDLINE;
LINE;9.20;51.14;17.00;0.00; 0.00;  0.00;  -0.04;    0.00;        0;ENDLINE;
LINE;9.21;51.14;17.00;0.00; 0.00;  0.00;  -0.04;    0.00;        0;ENDLINE;
LINE;9.22;51.14;17.00;0.00; 0.00;  0.00;  -0.04;    0.00;        0;ENDLINE;
LINE;9.23;51.14;17.00;0.00; 0.00;  0.00;  -0.04;    0.00;        0;ENDLINE;
LINE;9.24;51.14;17.00;0.00; 0.00;  0.00;  -0.03;    0.00;        0;ENDLINE;
LINE;9.25;51.14;17.00;0.00; 0.00;  0.00;  -0.02;    0.00;        0;ENDLINE;
LINE;9.26;51.14;17.00;0.00; 0.00;  0.00;  -0.02;    0.00;        0;ENDLINE;
LINE;9.27;51.14;17.00;0.00; 0.00;  0.00;   0.00;    0.00;        0;ENDLINE;
LINE;9.28;51.14;17.00;0.00; 0.00;  0.00;   0.00;    0.00;        0;ENDLINE;
LINE;9.29;51.14;17.00;0.00; 0.00;  0.00;   0.01;    0.00;        0;ENDLINE;
LINE;9.30;51.14;17.00;0.00; 0.00;  0.00;   0.01;    0.00;        0;ENDLINE;
LINE;9.31;51.14;17.00;0.00; 0.00;  0.00;   0.02;    0.00;        0;ENDLINE;
LINE;9.32;51.14;17.00;0.00; 0.00;  0.00;   0.02;    0.00;        0;ENDLINE;
LINE;9.33;51.14;17.00;0.00; 0.00;  0.00;   0.03;    0.00;        0;ENDLINE;
LINE;9.34;51.14;17.00;0.00; 0.00;  0.00;   0.03;    0.00;        0;ENDLINE;
LINE;9.35;51.14;17.00;0.00; 0.00;  0.00;   0.03;    0.00;        0;ENDLINE;
LINE;9.36;51.14;17.00;0.00; 0.00;  0.00;   0.03;    0.00;        0;ENDLINE;
LINE;9.37;51.14;17.00;0.00; 0.00;  0.00;   0.03;    0.00;        0;ENDLINE;
LINE;9.38;51.14;17.00;0.00; 0.00;  0.00;   0.02;    0.00;        0;ENDLINE;
LINE;9.39;51.14;17.00;0.00; 0.00;  0.00;   0.02;    0.00;        0;ENDLINE;
LINE;9.40;51.14;17.00;0.00; 0.00;  0.00;   0.02;    0.00;        0;ENDLINE;
LINE;9.41;51.14;17.00;0.00; 0.00;  0.00;   0.01;    0.00;        0;ENDLINE;
LINE;9.42;51.14;17.00;0.00; 0.00;  0.00;   0.01;    0.00;        0;ENDLINE;
LINE;9.43;51.14;17.00;0.00; 0.00;  0.00;   0.00;    0.00;        0;ENDLINE;
LINE;9.44;51.14;17.00;0.00; 0.00;  0.00;   0.00;    0.00;        0;ENDLINE;
LINE;9.45;51.14;17.00;0.00; 0.00;  0.00;   0.00;    0.00;        0;ENDLINE;
LINE;9.46;51.14;17.00;0.00; 0.00;  0.00;   0.00;    0.00;        0;ENDLINE;
LINE;9.47;51.14;17.00;0.00; 0.00;  0.00;   0.00;    0.00;        0;ENDLINE;
LINE;9.48;51.14;17.00;0.00; 0.00;  0.00;   0.00;    0.00;        0;ENDLINE;
LINE;9.49;51.14;17.00;0.00; 0.00;  0.00;   0.00;    0.00;        0;ENDLINE;
LINE;9.50;51.14;17.00;0.00; 0.00;  0.00;   0.00;    0.00;        0;ENDLINE;
LINE;9.51;51.14;17.00;0.00; 0.00;  0.00;   0.00;    0.00;        0;ENDLINE;
LINE;9.52;51.14;17.00;0.00; 0.00;  0.00;   0.00;    0.00;        0;ENDLINE;
LINE;9.53;51.14;17.00;0.00; 0.00;  0.00;   0.00;    0.00;        0;ENDLINE;
LINE;9.54;51.14;17.00;0.00; 0.00;  0.00;   0.00;    0.00;        0;ENDLINE;
LINE;9.55;51.14;17.00;0.00; 0.00;  0.00;   0.00;    0.00;        0;ENDLINE;
LINE;9.56;51.14;17.00;0.00; 0.00;  0.00;   0.00;    0.00;        0;ENDLINE;
LINE;9.57;51.14;17.00;0.00; 0.00;  0.00;   0.00;    0.00;        0;ENDLINE;
LINE;9.58;51.14;17.00;0.00; 0.00;  0.00;   0.00;    0.00;        0;ENDLINE;
LINE;9.59;51.14;17.00;0.00; 0.00;  0.00;   0.00;    0.00;        0;ENDLINE;
LINE;9.60;51.14;17.00;0.00; 0.00;  0.00;   0.00;    0.00;        0;ENDLINE;
LINE;9.61;51.14;17.00;0.00; 0.00;  0.00;   0.00;    0.00;        0;ENDLINE;
LINE;9.62;51.14;17.00;0.00; 0.00;  0.00;   0.00;    0.00;        0;ENDLINE;
LINE;9.63;51.14;17.00;0.00; 0.00;  0.00;   0.00;    0.00;        0;ENDLINE;
LINE;9.64;51.14;17.00;0.00; 0.00;  0.00;   0.00;    0.00;        0;ENDLINE;
LINE;9.65;51.14;17.00;0.00; 0.00;  0.00;   0.00;    0.00;        0;ENDLINE;
LINE;9.66;51.14;17.00;0.00; 0.00;  0.00;   0.00;    0.00;        0;ENDLINE;
LINE;9.67;51.14;17.00;0.00; 0.00;  0.00;   0.00;    0.00;        0;ENDLINE;
LINE;9.68;51.14;17.00;0.00; 0.00;  0.00;   0.00;    0.00;        0;ENDLINE;
LINE;9.69;51.14;17.00;0.00; 0.00;  0.00;   0.00;    0.00;        0;ENDLINE;
LINE;9.70;51.14;17.00;0.00; 0.00;  0.00;   0.00;    0.00;        0;ENDLINE;
LINE;9.71;51.14;17.00;0.00; 0.00;  0.00;   0.00;    0.00;        0;ENDLINE;
LINE;9.72;51.14;17.00;0.00; 0.00;  0.00;   0.00;    0.00;        0;ENDLINE;
LINE;9.73;51.14;17.00;0.00; 0.00;  0.00;   0.00;    0.00;        0;ENDLINE;
LINE;9.74;51.14;17.00;0.00; 0.00;  0.00;   0.00;    0.00;        0;ENDLINE;
LINE;9.75;51.14;17.00;0.00; 0.00;  0.00;   0.00;    0.00;        0;ENDLINE;
LINE;9.76;51.14;17.00;0.00; 0.00;  0.00;   0.00;    0.00;        0;ENDLINE;
LINE;9.77;51.14;17.00;0.00; 0.00;  0.00;   0.00;    0.00;        0;ENDLINE;
LINE;9.78;51.14;17.00;0.00; 0.00;  0.00;   0.00;    0.00;        0;ENDLINE;
LINE;9.79;51.14;17.00;0.00; 0.00;  0.00;   0.00;    0.00;        0;ENDLINE;
LINE;9.80;51.14;17.00;0.00; 0.00;  0.00;   0.00;    0.00;        0;ENDLINE;
LINE;9.81;51.14;17.00;0.00; 0.00;  0.00;   0.00;    0.00;        0;ENDLINE;
LINE;9.82;51.14;17.00;0.00; 0.00;  0.00;   0.00;    0.00;        0;ENDLINE;
LINE;9.83;51.14;17.00;0.00; 0.00;  0.00;   0.00;    0.00;        0;ENDLINE;
LINE;9.84;51.14;17.00;0.00; 0.00;  0.00;   0.00;    0.00;        0;ENDLINE;
LINE;9.85;51.14;17.00;0.00; 0.00;  0.00;   0.00;    0.00;        0;ENDLINE;
LINE;9.86;51.14;17.00;0.00; 0.00;  0.00;   0.00;    0.00;        0;ENDLINE;
LINE;9.87;51.14;17.00;0.00; 0.00;  0.00;   0.00;    0.00;        0;ENDLINE;
LINE;9.88;51.14;17.00;0.00; 0.00;  0.00;   0.00;    0.00;        0;ENDLINE;
LINE;9.89;51.14;17.00;0.00; 0.00;  0.00;   0.00;    0.00;        0;ENDLINE;
LINE;9.90;51.14;17.00;0.00; 0.00;  0.00;   0.00;    0.00;        0;ENDLINE;
LINE;9.91;51.14;17.00;0.00; 0.00;  0.00;   0.00;    0.00;        0;ENDLINE;
LINE;9.92;51.14;17.00;0.00; 0.00;  0.00;   0.00;    0.00;        0;ENDLINE;
LINE;9.93;51.14;17.00;0.00; 0.00;  0.00;   0.00;    0.00;        0;ENDLINE;
LINE;9.94;51.14;17.00;0.00; 0.00;  0.00;   0.00;    0.00;        0;ENDLINE;
LINE;9.95;51.14;17.00;0.00; 0.00;  0.00;   0.00;    0.00;        0;ENDLINE;
LINE;9.96;51.14;17.00;0.00; 0.00;  0.00;   0.00;    0.00;        0;ENDLINE;
LINE;9.97;51.14;17.00;0.00; 0.00;  0.00;   0.00;    0.00;        0;ENDLINE;
LINE;9.98;51.14;17.00;0.00; 0.00;  0.00;   0.00;    0.00;        0;ENDLINE;
LINE;9.99;51.14;17.00;0.00; 0.00;  0.00;   0.00;    0.00;        0;ENDLINE;
LINE;10.00;51.14;17.00;0.00; 0.00;  0.00;   0.00;    0.00;        0;ENDLINE;
LINE;10.01;51.14;17.00;0.00; 0.00;  0.00;   0.00;    0.00;        0;ENDLINE;
LINE;10.02;51.14;17.00;0.00; 0.00;  0.00;   0.00;    0.00;        0;ENDLINE;
LINE;10.03;51.14;17.00;0.00; 0.00;  0.00;   0.00;    0.00;        0;ENDLINE;
LINE;10.04;51.14;17.00;0.00; 0.00;  0.00;   0.00;    0.00;        0;ENDLINE;
LINE;10.05;51.14;17.00;0.00; 0.00;  0.00;   0.00;    0.00;        0;ENDLINE;
LINE;10.06;51.14;17.00;0.00; 0.00;  0.00;   0.00;    0.00;        0;ENDLINE;
LINE;10.07;51.14;17.00;0.00; 0.00;  0.00;   0.00;    0.00;        0;ENDLINE;
LINE;10.08;51.14;17.00;0.00; 0.00;  0.00;   0.00;    0.00;        0;ENDLINE;
LINE;10.09;51.14;17.00;0.00; 0.00;  0.00;   0.00;    0.00;        0;ENDLINE;
LINE;10.10;51.14;17.00;0.00; 0.00;  0.00;   0.00;    0.00;        0;ENDLINE;
LINE;10.11;51.14;17.00;0.00; 0.00;  0.00;   0.00;    0.00;        0;ENDLINE;
LINE;10.12;51.14;17.00;0.00; 0.00;  0.00;   0.00;    0.00;        0;ENDLINE;
LINE;10.13;51.14;17.00;0.00; 0.00;  0.00;   0.00;    0.00;        0;ENDLINE;
LINE;10.14;51.14;17.00;0.00; 0.00;  0.00;   0.00;    0.00;        0;ENDLINE;
LINE;10.15;51.14;17.00;0.00; 0.00;  0.00;   0.00;    0.00;        0;ENDLINE;
LINE;10.16;51.14;17.00;0.00; 0.00;  0.00;   0.00;    0.00;        0;ENDLINE;
LINE;10.17;51.14;17.00;0.00; 0.00;  0.00;   0.00;    0.00;        0;ENDLINE;
LINE;10.18;51.14;17.00;0.00; 0.00;  0.00;   0.00;    0.00;        0;ENDLINE;
LINE;10.19;51.14;17.00;0.00; 0.00;  0.00;   0.00;    0.00;        0;ENDLINE;
LINE;10.20;51.14;17.00;0.00; 0.00;  0.00;   0.00;    0.00;        0;ENDLINE;
LINE;10.21;51.14;17.00;0.00; 0.00;  0.00;   0.00;    0.00;        0;ENDLINE;
LINE;10.22;51.14;17.00;0.00; 0.00;  0.00;   0.00;    0.00;        0;ENDLINE;
LINE;10.23;51.14;17.00;0.00; 0.00;  0.00;   0.00;    0.00;        0;ENDLINE;
LINE;10.24;51.14;17.00;0.00; 0.00;  0.00;   0.00;    0.00;        0;ENDLINE;
LINE;10.25;51.14;17.00;0.00; 0.00;  0.00;   0.00;    0.00;        0;ENDLINE;
LINE;10.26;51.14;17.00;0.00; 0.00;  0.00;   0.00;    0.00;        0;ENDLINE;
LINE;10.27;51.14;17.00;0.00; 0.00;  0.00;   0.00;    0.00;        0;ENDLINE;
LINE;10.28;51.14;17.00;0.00; 0.00;  0.00;   0.00;    0.00;        0;ENDLINE;
LINE;10.29;51.14;17.00;0.00; 0.00;  0.00;   0.00;    0.00;        0;ENDLINE;
LINE;10.30;51.14;17.00;0.00; 0.00;  0.00;   0.00;    0.00;        0;ENDLINE;
LINE;10.31;51.14;17.00;0.00; 0.00;  0.00;   0.00;    0.00;        0;ENDLINE;
LINE;10.32;51.14;17.00;0.00; 0.00;  0.00;   0.00;    0.00;        0;ENDLINE;
LINE;10.33;51.14;17.00;0.00; 0.00;  0.00;   0.00;    0.00;        0;ENDLINE;
LINE;10.34;51.14;17.00;0.00; 0.00;  0.00;   0.00;    0.00;        0;ENDLINE;
LINE;10.35;51.14;17.00;0.00; 0.00;  0.00;   0.00;    0.00;        0;ENDLINE;
LINE;10.36;51.14;17.00;0.00; 0.00;  0.00;   0.00;    0.00;        0;ENDLINE;
ENDTRAJECTORY;