TRAJECTORY;ASTAGarageSquare_ego;0.1;1037;
LINE;0.00;15.00;10.00;0.00; 0.00;  0.00;   0.00;    0.00;        0;ENDLINE;
LINE;0.01;15.00;10.00;0.00; 0.00;  0.00;   0.00;    0.00;        0;ENDLINE;
LINE;0.02;15.00;10.00;0.00; 0.00;  0.00;   0.03;    0.00;        0;ENDLINE;
LINE;0.03;15.00;10.00;0.00; 0.00;  0.00;   0.09;    0.00;        0;ENDLINE;
LINE;0.04;15.00;10.00;0.00; 0.00;  0.00;   0.20;    0.00;        0;ENDLINE;
LINE;0.05;15.00;10.00;0.00; 0.00;  0.00;   0.32;    0.00;        0;ENDLINE;
LINE;0.06;15.00;10.00;0.00; 0.00;  0.01;   0.43;    0.00;        0;ENDLINE;
LINE;0.07;15.00;10.00;0.00; 0.00;  0.01;   0.54;    0.00;        0;ENDLINE;
LINE;0.08;15.00;10.00;0.00; 0.00;  0.02;   0.65;    0.00;        0;ENDLINE;
LINE;0.09;15.00;10.00;0.00; 0.00;  0.03;   0.75;    0.00;        0;ENDLINE;
LINE;0.10;15.00;10.00;0.00; 0.00;  0.03;   0.85;    0.00;        0;ENDLINE;
LINE;0.11;15.00;10.00;0.00; 0.00;  0.04;   0.95;    0.00;        0;ENDLINE;
LINE;0.12;15.00;10.00;0.00; 0.00;  0.05;   1.05;    0.00;        0;ENDLINE;
LINE;0.13;15.00;10.00;0.00; 0.00;  0.06;   1.14;    0.00;        0;ENDLINE;
LINE;0.14;15.00;10.00;0.00; 0.00;  0.07;   1.23;    0.00;        0;ENDLINE;
LINE;0.15;15.00;10.00;0.00; 0.00;  0.09;   1.32;    0.00;        0;ENDLINE;
LINE;0.16;15.01;10.00;0.00; 0.00;  0.10;   1.41;    0.00;        0;ENDLINE;
LINE;0.17;15.01;10.00;0.00; 0.00;  0.12;   1.50;    0.00;        0;ENDLINE;
LINE;0.18;15.01;10.00;0.00; 0.00;  0.13;   1.58;    0.00;        0;ENDLINE;
LINE;0.19;15.01;10.00;0.00; 0.00;  0.15;   1.66;    0.00;        0;ENDLINE;
LINE;0.20;15.01;10.00;0.01; 0.00;  0.16;   1.73;    0.00;        0;ENDLINE;
LINE;0.21;15.01;10.00;0.01; 0.00;  0.18;   1.80;    0.00;        0;ENDLINE;
LINE;0.22;15.02;10.00;0.01; 0.00;  0.20;   1.87;    0.00;        0;ENDLINE;
LINE;0.23;15.02;10.00;0.01; 0.00;  0.22;   1.93;    0.00;        0;ENDLINE;
LINE;0.24;15.02;10.00;0.01; 0.00;  0.24;   1.99;    0.00;        0;ENDLINE;
LINE;0.25;15.02;10.00;0.01; 0.00;  0.26;   2.05;    0.00;        0;ENDLINE;
LINE;0.26;15.02;10.00;0.01; 0.00;  0.28;   2.10;    0.00;        0;ENDLINE;
LINE;0.27;15.03;10.00;0.01; 0.00;  0.30;   2.15;    0.00;        0;ENDLINE;
LINE;0.28;15.03;10.00;0.01; 0.00;  0.32;   2.20;    0.00;        0;ENDLINE;
LINE;0.29;15.03;10.00;0.01; 0.00;  0.34;   2.24;    0.00;        0;ENDLINE;
LINE;0.30;15.04;10.00;0.01; 0.00;  0.37;   2.28;    0.00;        0;ENDLINE;
LINE;0.31;15.04;10.00;0.01; 0.00;  0.39;   2.31;    0.00;        0;ENDLINE;
LINE;0.32;15.05;10.00;0.01; 0.00;  0.41;   2.35;    0.00;        0;ENDLINE;
LINE;0.33;15.05;10.00;0.01; 0.00;  0.44;   2.38;    0.00;        0;ENDLINE;
LINE;0.34;15.05;10.00;0.01; 0.00;  0.46;   2.40;    0.00;        0;ENDLINE;
LINE;0.35;15.06;10.00;0.01; 0.00;  0.49;   2.43;    0.00;        0;ENDLINE;
LINE;0.36;15.06;10.00;0.01; 0.00;  0.51;   2.45;    0.00;        0;ENDLINE;
LINE;0.37;15.07;10.00;0.01; 0.00;  0.53;   2.47;    0.00;        0;ENDLINE;
LINE;0.38;15.08;10.00;0.01; 0.00;  0.56;   2.49;    0.00;        0;ENDLINE;
LINE;0.39;15.08;10.00;0.01; 0.00;  0.58;   2.50;    0.00;        0;ENDLINE;
LINE;0.40;15.09;10.00;0.01; 0.00;  0.61;   2.52;    0.00;        0;ENDLINE;
LINE;0.41;15.09;10.00;0.01; 0.00;  0.63;   2.53;    0.00;        0;ENDLINE;
LINE;0.42;15.10;10.00;0.01; 0.00;  0.66;   2.54;    0.00;        0;ENDLINE;
LINE;0.43;15.11;10.00;0.01; 0.00;  0.69;   2.55;    0.00;        0;ENDLINE;
LINE;0.44;15.11;10.00;0.01; 0.00;  0.71;   2.55;    0.00;        0;ENDLINE;
LINE;0.45;15.12;10.00;0.01; 0.00;  0.74;   2.56;    0.00;        0;ENDLINE;
LINE;0.46;15.13;10.00;0.01; 0.00;  0.76;   2.56;    0.00;        0;ENDLINE;
LINE;0.47;15.14;10.00;0.01; 0.00;  0.79;   2.57;    0.00;        0;ENDLINE;
LINE;0.48;15.14;10.00;0.01; 0.00;  0.81;   2.57;    0.00;        0;ENDLINE;
LINE;0.49;15.15;10.00;0.01; 0.00;  0.84;   2.57;    0.00;        0;ENDLINE;
LINE;0.50;15.16;10.00;0.01; 0.00;  0.86;   2.57;    0.00;        0;ENDLINE;
LINE;0.51;15.17;10.00;0.01; 0.00;  0.89;   2.57;    0.00;        0;ENDLINE;
LINE;0.52;15.18;10.00;0.01; 0.00;  0.92;   2.57;    0.00;        0;ENDLINE;
LINE;0.53;15.19;10.00;0.01; 0.00;  0.94;   2.56;    0.00;        0;ENDLINE;
LINE;0.54;15.20;10.00;0.01; 0.00;  0.97;   2.56;    0.00;        0;ENDLINE;
LINE;0.55;15.21;10.00;0.01; 0.00;  0.99;   2.55;    0.00;        0;ENDLINE;
LINE;0.56;15.22;10.00;0.01; 0.00;  1.02;   2.54;    0.00;        0;ENDLINE;
LINE;0.57;15.23;10.00;0.01; 0.00;  1.04;   2.54;    0.00;        0;ENDLINE;
LINE;0.58;15.24;10.00;0.01; 0.00;  1.07;   2.53;    0.00;        0;ENDLINE;
LINE;0.59;15.25;10.00;0.01; 0.00;  1.09;   2.53;    0.00;        0;ENDLINE;
LINE;0.60;15.26;10.00;0.01; 0.00;  1.12;   2.52;    0.00;        0;ENDLINE;
LINE;0.61;15.27;10.00;0.01; 0.00;  1.14;   2.51;    0.00;        0;ENDLINE;
LINE;0.62;15.28;10.00;0.01; 0.00;  1.17;   2.51;    0.00;        0;ENDLINE;
LINE;0.63;15.29;10.00;0.01; 0.00;  1.19;   2.50;    0.00;        0;ENDLINE;
LINE;0.64;15.31;10.00;0.01; 0.00;  1.22;   2.49;    0.00;        0;ENDLINE;
LINE;0.65;15.32;10.00;0.01; 0.00;  1.24;   2.48;    0.00;        0;ENDLINE;
LINE;0.66;15.33;10.00;0.01; 0.00;  1.27;   2.48;    0.00;        0;ENDLINE;
LINE;0.67;15.34;10.00;0.01; 0.00;  1.29;   2.47;    0.00;        0;ENDLINE;
LINE;0.68;15.36;10.00;0.01; 0.00;  1.32;   2.46;    0.00;        0;ENDLINE;
LINE;0.69;15.37;10.00;0.01; 0.00;  1.34;   2.45;    0.00;        0;ENDLINE;
LINE;0.70;15.38;10.00;0.01; 0.00;  1.37;   2.45;    0.00;        0;ENDLINE;
LINE;0.71;15.40;10.00;0.01; 0.00;  1.39;   2.44;    0.00;        0;ENDLINE;
LINE;0.72;15.41;10.00;0.01; 0.00;  1.42;   2.43;    0.00;        0;ENDLINE;
LINE;0.73;15.43;10.00;0.01; 0.00;  1.44;   2.43;    0.00;        0;ENDLINE;
LINE;0.74;15.44;10.00;0.01; 0.00;  1.47;   2.42;    0.00;        0;ENDLINE;
LINE;0.75;15.46;10.00;0.01; 0.00;  1.49;   2.41;    0.00;        0;ENDLINE;
LINE;0.76;15.47;10.00;0.01; 0.00;  1.51;   2.40;    0.00;        0;ENDLINE;
LINE;0.77;15.49;10.00;0.01; 0.00;  1.54;   2.40;    0.00;        0;ENDLINE;
LINE;0.78;15.50;10.00;0.01; 0.00;  1.56;   2.39;    0.00;        0;ENDLINE;
LINE;0.79;15.52;10.00;0.01; 0.00;  1.59;   2.38;    0.00;        0;ENDLINE;
LINE;0.80;15.53;10.00;0.01; 0.00;  1.61;   2.37;    0.00;        0;ENDLINE;
LINE;0.81;15.55;10.00;0.01; 0.00;  1.63;   2.37;    0.00;        0;ENDLINE;
LINE;0.82;15.57;10.00;0.01; 0.00;  1.66;   2.36;    0.00;        0;ENDLINE;
LINE;0.83;15.58;10.00;0.01; 0.00;  1.68;   2.35;    0.00;        0;ENDLINE;
LINE;0.84;15.60;10.00;0.01; 0.00;  1.70;   2.34;    0.00;        0;ENDLINE;
LINE;0.85;15.62;10.00;0.01; 0.00;  1.73;   2.34;    0.00;        0;ENDLINE;
LINE;0.86;15.63;10.00;0.01; 0.00;  1.75;   2.33;    0.00;        0;ENDLINE;
LINE;0.87;15.65;10.00;0.01; 0.00;  1.77;   2.32;    0.00;        0;ENDLINE;
LINE;0.88;15.67;10.00;0.01; 0.00;  1.80;   2.32;    0.00;        0;ENDLINE;
LINE;0.89;15.69;10.00;0.01; 0.00;  1.82;   2.31;    0.00;        0;ENDLINE;
LINE;0.90;15.71;10.00;0.01; 0.00;  1.84;   2.30;    0.00;        0;ENDLINE;
LINE;0.91;15.72;10.00;0.01; 0.00;  1.87;   2.30;    0.00;        0;ENDLINE;
LINE;0.92;15.74;10.00;0.01; 0.00;  1.89;   2.29;    0.00;        0;ENDLINE;
LINE;0.93;15.76;10.00;0.01; 0.00;  1.91;   2.28;    0.00;        0;ENDLINE;
LINE;0.94;15.78;10.00;0.01; 0.00;  1.93;   2.28;    0.00;        0;ENDLINE;
LINE;0.95;15.80;10.00;0.01; 0.00;  1.96;   2.27;    0.00;        0;ENDLINE;
LINE;0.96;15.82;10.00;0.01; 0.00;  1.98;   2.26;    0.00;        0;ENDLINE;
LINE;0.97;15.84;10.00;0.01; 0.00;  2.00;   2.26;    0.00;        0;ENDLINE;
LINE;0.98;15.86;10.00;0.01; 0.00;  2.03;   2.25;    0.00;        0;ENDLINE;
LINE;0.99;15.88;10.00;0.01; 0.00;  2.05;   2.24;    0.00;        0;ENDLINE;
LINE;1.00;15.90;10.00;0.01; 0.00;  2.07;   2.24;    0.00;        0;ENDLINE;
LINE;1.01;15.92;10.00;0.01; 0.00;  2.09;   2.23;    0.00;        0;ENDLINE;
LINE;1.02;15.94;10.00;0.01; 0.00;  2.11;   2.22;    0.00;        0;ENDLINE;
LINE;1.03;15.97;10.00;0.01; 0.00;  2.14;   2.22;    0.00;        0;ENDLINE;
LINE;1.04;15.99;10.00;0.01; 0.00;  2.16;   2.21;    0.00;        0;ENDLINE;
LINE;1.05;16.01;10.00;0.01; 0.00;  2.18;   2.21;    0.00;        0;ENDLINE;
LINE;1.06;16.03;10.00;0.01; 0.00;  2.20;   2.20;    0.00;        0;ENDLINE;
LINE;1.07;16.05;10.00;0.01; 0.00;  2.23;   2.19;    0.00;        0;ENDLINE;
LINE;1.08;16.07;10.00;0.01; 0.00;  2.25;   2.19;    0.00;        0;ENDLINE;
LINE;1.09;16.10;10.00;0.01; 0.00;  2.27;   2.18;    0.00;        0;ENDLINE;
LINE;1.10;16.12;10.00;0.01; 0.00;  2.29;   2.18;    0.00;        0;ENDLINE;
LINE;1.11;16.14;10.00;0.01; 0.00;  2.31;   2.17;    0.00;        0;ENDLINE;
LINE;1.12;16.17;10.00;0.01; 0.00;  2.33;   2.17;    0.00;        0;ENDLINE;
LINE;1.13;16.19;10.00;0.01; 0.00;  2.36;   2.16;    0.00;        0;ENDLINE;
LINE;1.14;16.21;10.00;0.01; 0.00;  2.38;   2.16;    0.00;        0;ENDLINE;
LINE;1.15;16.24;10.00;0.01; 0.00;  2.40;   2.15;    0.00;        0;ENDLINE;
LINE;1.16;16.26;10.00;0.01; 0.00;  2.42;   2.15;    0.00;        0;ENDLINE;
LINE;1.17;16.29;10.00;0.01; 0.00;  2.44;   2.15;    0.00;        0;ENDLINE;
LINE;1.18;16.31;10.00;0.01; 0.00;  2.46;   2.14;    0.00;        0;ENDLINE;
LINE;1.19;16.34;10.00;0.01; 0.00;  2.48;   2.14;    0.00;        0;ENDLINE;
LINE;1.20;16.36;10.00;0.01; 0.00;  2.51;   2.14;    0.00;        0;ENDLINE;
LINE;1.21;16.39;10.00;0.01; 0.00;  2.53;   2.13;    0.00;        0;ENDLINE;
LINE;1.22;16.41;10.00;0.01; 0.00;  2.55;   2.13;    0.00;        0;ENDLINE;
LINE;1.23;16.44;10.00;0.01; 0.00;  2.57;   2.13;    0.00;        0;ENDLINE;
LINE;1.24;16.46;10.00;0.01; 0.00;  2.59;   2.12;    0.00;        0;ENDLINE;
LINE;1.25;16.49;10.00;0.01; 0.00;  2.61;   2.12;    0.00;        0;ENDLINE;
LINE;1.26;16.51;10.00;0.01; 0.00;  2.63;   2.12;    0.00;        0;ENDLINE;
LINE;1.27;16.54;10.00;0.01; 0.00;  2.65;   2.11;    0.00;        0;ENDLINE;
LINE;1.28;16.57;10.00;0.01; 0.00;  2.68;   2.11;    0.00;        0;ENDLINE;
LINE;1.29;16.59;10.00;0.01; 0.00;  2.70;   2.11;    0.00;        0;ENDLINE;
LINE;1.30;16.62;10.00;0.01; 0.00;  2.72;   2.11;    0.00;        0;ENDLINE;
LINE;1.31;16.65;10.00;0.01; 0.00;  2.74;   2.11;    0.00;        0;ENDLINE;
LINE;1.32;16.68;10.00;0.01; 0.00;  2.76;   2.10;    0.00;        0;ENDLINE;
LINE;1.33;16.70;10.00;0.01; 0.00;  2.78;   2.10;    0.00;        0;ENDLINE;
LINE;1.34;16.73;10.00;0.01; 0.00;  2.80;   2.10;    0.00;        0;ENDLINE;
LINE;1.35;16.76;10.00;0.01; 0.00;  2.82;   2.10;    0.00;        0;ENDLINE;
LINE;1.36;16.79;10.00;0.01; 0.00;  2.84;   2.10;    0.00;        0;ENDLINE;
LINE;1.37;16.82;10.00;0.01; 0.00;  2.87;   2.10;    0.00;        0;ENDLINE;
LINE;1.38;16.85;10.00;0.01; 0.00;  2.89;   2.10;    0.00;        0;ENDLINE;
LINE;1.39;16.87;10.00;0.01; 0.00;  2.91;   2.10;    0.00;        0;ENDLINE;
LINE;1.40;16.90;10.00;0.01; 0.00;  2.93;   2.10;    0.00;        0;ENDLINE;
LINE;1.41;16.93;10.00;0.01; 0.00;  2.95;   2.10;    0.00;        0;ENDLINE;
LINE;1.42;16.96;10.00;0.01; 0.00;  2.97;   2.10;    0.00;        0;ENDLINE;
LINE;1.43;16.99;10.00;0.01; 0.00;  2.99;   2.10;    0.00;        0;ENDLINE;
LINE;1.44;17.02;10.00;0.01; 0.00;  3.01;   2.10;    0.00;        0;ENDLINE;
LINE;1.45;17.05;10.00;0.01; 0.00;  3.03;   2.10;    0.00;        0;ENDLINE;
LINE;1.46;17.08;10.00;0.01; 0.00;  3.05;   2.10;    0.00;        0;ENDLINE;
LINE;1.47;17.11;10.00;0.01; 0.00;  3.08;   2.10;    0.00;        0;ENDLINE;
LINE;1.48;17.15;10.00;0.01; 0.00;  3.10;   2.10;    0.00;        0;ENDLINE;
LINE;1.49;17.18;10.00;0.01; 0.00;  3.12;   2.11;    0.00;        0;ENDLINE;
LINE;1.50;17.21;10.00;0.01; 0.00;  3.14;   2.11;    0.00;        0;ENDLINE;
LINE;1.51;17.24;10.00;0.01; 0.00;  3.16;   2.11;    0.00;        0;ENDLINE;
LINE;1.52;17.27;10.00;0.01; 0.00;  3.18;   2.11;    0.00;        0;ENDLINE;
LINE;1.53;17.30;10.00;0.01; 0.00;  3.20;   2.11;    0.00;        0;ENDLINE;
LINE;1.54;17.33;10.00;0.01; 0.00;  3.22;   2.11;    0.00;        0;ENDLINE;
LINE;1.55;17.37;10.00;0.01; 0.00;  3.24;   2.11;    0.00;        0;ENDLINE;
LINE;1.56;17.40;10.00;0.01; 0.00;  3.27;   2.11;    0.00;        0;ENDLINE;
LINE;1.57;17.43;10.00;0.01; 0.00;  3.29;   2.11;    0.00;        0;ENDLINE;
LINE;1.58;17.47;10.00;0.01; 0.00;  3.31;   2.11;    0.00;        0;ENDLINE;
LINE;1.59;17.50;10.00;0.01; 0.00;  3.33;   2.11;    0.00;        0;ENDLINE;
LINE;1.60;17.53;10.00;0.01; 0.00;  3.35;   2.11;    0.00;        0;ENDLINE;
LINE;1.61;17.57;10.00;0.01; 0.00;  3.37;   2.11;    0.00;        0;ENDLINE;
LINE;1.62;17.60;10.00;0.01; 0.00;  3.39;   2.11;    0.00;        0;ENDLINE;
LINE;1.63;17.63;10.00;0.01; 0.00;  3.41;   2.12;    0.00;        0;ENDLINE;
LINE;1.64;17.67;10.00;0.01; 0.00;  3.43;   2.12;    0.00;        0;ENDLINE;
LINE;1.65;17.70;10.00;0.01; 0.00;  3.46;   2.12;    0.00;        0;ENDLINE;
LINE;1.66;17.74;10.00;0.01; 0.00;  3.48;   2.12;    0.00;        0;ENDLINE;
LINE;1.67;17.77;10.00;0.01; 0.00;  3.50;   2.12;    0.00;        0;ENDLINE;
LINE;1.68;17.81;10.00;0.01; 0.00;  3.52;   2.12;    0.00;        0;ENDLINE;
LINE;1.69;17.84;10.00;0.01; 0.00;  3.54;   2.12;    0.00;        0;ENDLINE;
LINE;1.70;17.88;10.00;0.01; 0.00;  3.56;   2.12;    0.00;        0;ENDLINE;
LINE;1.71;17.91;10.00;0.01; 0.00;  3.58;   2.12;    0.00;        0;ENDLINE;
LINE;1.72;17.95;10.00;0.01; 0.00;  3.60;   2.12;    0.00;        0;ENDLINE;
LINE;1.73;17.99;10.00;0.01; 0.00;  3.62;   2.12;    0.00;        0;ENDLINE;
LINE;1.74;18.02;10.00;0.01; 0.00;  3.65;   2.12;    0.00;        0;ENDLINE;
LINE;1.75;18.06;10.00;0.01; 0.00;  3.67;   2.12;    0.00;        0;ENDLINE;
LINE;1.76;18.10;10.00;0.01; 0.00;  3.69;   2.12;    0.00;        0;ENDLINE;
LINE;1.77;18.13;10.00;0.01; 0.00;  3.71;   2.12;    0.00;        0;ENDLINE;
LINE;1.78;18.17;10.00;0.01; 0.00;  3.73;   2.12;    0.00;        0;ENDLINE;
LINE;1.79;18.21;10.00;0.01; 0.00;  3.75;   2.12;    0.00;        0;ENDLINE;
LINE;1.80;18.24;10.00;0.01; 0.00;  3.77;   2.12;    0.00;        0;ENDLINE;
LINE;1.81;18.28;10.00;0.01; 0.00;  3.79;   2.12;    0.00;        0;ENDLINE;
LINE;1.82;18.32;10.00;0.01; 0.00;  3.82;   2.12;    0.00;        0;ENDLINE;
LINE;1.83;18.36;10.00;0.01; 0.00;  3.84;   2.12;    0.00;        0;ENDLINE;
LINE;1.84;18.40;10.00;0.01; 0.00;  3.86;   2.12;    0.00;        0;ENDLINE;
LINE;1.85;18.44;10.00;0.01; 0.00;  3.88;   2.12;    0.00;        0;ENDLINE;
LINE;1.86;18.47;10.00;0.01; 0.00;  3.90;   2.12;    0.00;        0;ENDLINE;
LINE;1.87;18.51;10.00;0.01; 0.00;  3.92;   2.12;    0.00;        0;ENDLINE;
LINE;1.88;18.55;10.00;0.01; 0.00;  3.94;   2.12;    0.00;        0;ENDLINE;
LINE;1.89;18.59;10.00;0.01; 0.00;  3.96;   2.12;    0.00;        0;ENDLINE;
LINE;1.90;18.63;10.00;0.01; 0.00;  3.99;   2.12;    0.00;        0;ENDLINE;
LINE;1.91;18.67;10.00;0.01; 0.00;  4.01;   2.12;    0.00;        0;ENDLINE;
LINE;1.92;18.71;10.00;0.01; 0.00;  4.03;   2.12;    0.00;        0;ENDLINE;
LINE;1.93;18.75;10.00;0.01; 0.00;  4.05;   2.12;    0.00;        0;ENDLINE;
LINE;1.94;18.79;10.00;0.01; 0.00;  4.07;   2.12;    0.00;        0;ENDLINE;
LINE;1.95;18.83;10.00;0.01; 0.00;  4.09;   2.12;    0.00;        0;ENDLINE;
LINE;1.96;18.88;10.00;0.01; 0.00;  4.11;   2.12;    0.00;        0;ENDLINE;
LINE;1.97;18.92;10.00;0.01; 0.00;  4.13;   2.12;    0.00;        0;ENDLINE;
LINE;1.98;18.96;10.00;0.01; 0.00;  4.15;   2.12;    0.00;        0;ENDLINE;
LINE;1.99;19.00;10.00;0.01; 0.00;  4.18;   2.12;    0.00;        0;ENDLINE;
LINE;2.00;19.04;10.00;0.01; 0.00;  4.20;   2.12;    0.00;        0;ENDLINE;
LINE;2.01;19.08;10.00;0.01; 0.00;  4.22;   2.12;    0.00;        0;ENDLINE;
LINE;2.02;19.13;10.00;0.01; 0.00;  4.24;   2.12;    0.00;        0;ENDLINE;
LINE;2.03;19.17;10.00;0.01; 0.00;  4.26;   2.12;    0.00;        0;ENDLINE;
LINE;2.04;19.21;10.00;0.01; 0.00;  4.28;   2.12;    0.00;        0;ENDLINE;
LINE;2.05;19.25;10.00;0.01; 0.00;  4.30;   2.12;    0.00;        0;ENDLINE;
LINE;2.06;19.30;10.00;0.01; 0.00;  4.32;   2.12;    0.00;        0;ENDLINE;
LINE;2.07;19.34;10.00;0.01; 0.00;  4.35;   2.11;    0.00;        0;ENDLINE;
LINE;2.08;19.38;10.00;0.01; 0.00;  4.37;   2.11;    0.00;        0;ENDLINE;
LINE;2.09;19.43;10.00;0.01; 0.00;  4.39;   2.11;    0.00;        0;ENDLINE;
LINE;2.10;19.47;10.00;0.01; 0.00;  4.41;   2.11;    0.00;        0;ENDLINE;
LINE;2.11;19.52;10.00;0.01; 0.00;  4.43;   2.11;    0.00;        0;ENDLINE;
LINE;2.12;19.56;10.00;0.01; 0.00;  4.45;   2.11;    0.00;        0;ENDLINE;
LINE;2.13;19.61;10.00;0.01; 0.00;  4.47;   2.11;    0.00;        0;ENDLINE;
LINE;2.14;19.65;10.00;0.01; 0.00;  4.49;   2.11;    0.00;        0;ENDLINE;
LINE;2.15;19.70;10.00;0.01; 0.00;  4.51;   2.11;    0.00;        0;ENDLINE;
LINE;2.16;19.74;10.00;0.01; 0.00;  4.54;   2.11;    0.00;        0;ENDLINE;
LINE;2.17;19.79;10.00;0.01; 0.00;  4.56;   2.11;    0.00;        0;ENDLINE;
LINE;2.18;19.83;10.00;0.01; 0.00;  4.58;   2.11;    0.00;        0;ENDLINE;
LINE;2.19;19.88;10.00;0.01; 0.00;  4.60;   2.11;    0.00;        0;ENDLINE;
LINE;2.20;19.92;10.00;0.01; 0.00;  4.62;   2.11;    0.00;        0;ENDLINE;
LINE;2.21;19.97;10.00;0.01; 0.00;  4.64;   2.11;    0.00;        0;ENDLINE;
LINE;2.22;20.02;10.00;0.01; 0.00;  4.66;   2.11;    0.00;        0;ENDLINE;
LINE;2.23;20.06;10.00;0.01; 0.00;  4.68;   2.11;    0.00;        0;ENDLINE;
LINE;2.24;20.11;10.00;0.01; 0.00;  4.70;   2.11;    0.00;        0;ENDLINE;
LINE;2.25;20.16;10.00;0.01; 0.00;  4.73;   2.11;    0.00;        0;ENDLINE;
LINE;2.26;20.20;10.00;0.01; 0.00;  4.75;   2.11;    0.00;        0;ENDLINE;
LINE;2.27;20.25;10.00;0.01; 0.00;  4.77;   2.11;    0.00;        0;ENDLINE;
LINE;2.28;20.30;10.00;0.01; 0.00;  4.79;   2.11;    0.00;        0;ENDLINE;
LINE;2.29;20.35;10.00;0.01; 0.00;  4.81;   2.11;    0.00;        0;ENDLINE;
LINE;2.30;20.40;10.00;0.01; 0.00;  4.83;   2.11;    0.00;        0;ENDLINE;
LINE;2.31;20.44;10.00;0.01; 0.00;  4.85;   2.11;    0.00;        0;ENDLINE;
LINE;2.32;20.49;10.00;0.01; 0.00;  4.87;   2.11;    0.00;        0;ENDLINE;
LINE;2.33;20.54;10.00;0.01; 0.00;  4.89;   2.11;    0.00;        0;ENDLINE;
LINE;2.34;20.59;10.00;0.01; 0.00;  4.92;   2.11;    0.00;        0;ENDLINE;
LINE;2.35;20.64;10.00;0.01; 0.00;  4.94;   2.11;    0.00;        0;ENDLINE;
LINE;2.36;20.69;10.00;0.01; 0.00;  4.96;   2.11;    0.00;        0;ENDLINE;
LINE;2.37;20.74;10.00;0.01; 0.00;  4.98;   2.11;    0.00;        0;ENDLINE;
LINE;2.38;20.79;10.00;0.01; 0.00;  5.00;   2.11;    0.00;        0;ENDLINE;
LINE;2.39;20.84;10.00;0.01; 0.00;  5.02;   2.11;    0.00;        0;ENDLINE;
LINE;2.40;20.89;10.00;0.01; 0.00;  5.04;   2.11;    0.00;        0;ENDLINE;
LINE;2.41;20.94;10.00;0.01; 0.00;  5.06;   2.10;    0.00;        0;ENDLINE;
LINE;2.42;20.99;10.00;0.01; 0.00;  5.08;   2.10;    0.00;        0;ENDLINE;
LINE;2.43;21.04;10.00;0.01; 0.00;  5.10;   2.10;    0.00;        0;ENDLINE;
LINE;2.44;21.09;10.00;0.01; 0.00;  5.13;   2.10;    0.00;        0;ENDLINE;
LINE;2.45;21.14;10.00;0.01; 0.00;  5.15;   2.10;    0.00;        0;ENDLINE;
LINE;2.46;21.20;10.00;0.01; 0.00;  5.17;   2.10;    0.00;        0;ENDLINE;
LINE;2.47;21.25;10.00;0.01; 0.00;  5.19;   2.10;    0.00;        0;ENDLINE;
LINE;2.48;21.30;10.00;0.01; 0.00;  5.21;   2.10;    0.00;        0;ENDLINE;
LINE;2.49;21.35;10.00;0.01; 0.00;  5.23;   2.10;    0.00;        0;ENDLINE;
LINE;2.50;21.40;10.00;0.01; 0.00;  5.25;   2.10;    0.00;        0;ENDLINE;
LINE;2.51;21.46;10.00;0.01; 0.00;  5.27;   2.10;    0.00;        0;ENDLINE;
LINE;2.52;21.51;10.00;0.01; 0.00;  5.29;   2.10;    0.00;        0;ENDLINE;
LINE;2.53;21.56;10.00;0.01; 0.00;  5.31;   2.10;    0.00;        0;ENDLINE;
LINE;2.54;21.62;10.00;0.01; 0.00;  5.34;   2.09;    0.00;        0;ENDLINE;
LINE;2.55;21.67;10.00;0.01; 0.00;  5.36;   2.04;    0.00;        0;ENDLINE;
LINE;2.56;21.72;10.00;0.01; 0.00;  5.38;   1.91;    0.00;        0;ENDLINE;
LINE;2.57;21.78;10.00;0.01; 0.00;  5.39;   1.74;    0.00;        0;ENDLINE;
LINE;2.58;21.83;10.00;0.01; 0.00;  5.41;   1.58;    0.00;        0;ENDLINE;
LINE;2.59;21.89;10.00;0.01; 0.00;  5.43;   1.45;    0.00;        0;ENDLINE;
LINE;2.60;21.94;10.00;0.01; 0.00;  5.44;   1.31;    0.00;        0;ENDLINE;
LINE;2.61;21.99;10.00;0.01; 0.00;  5.45;   1.15;    0.00;        0;ENDLINE;
LINE;2.62;22.05;10.00;0.01; 0.00;  5.46;   1.02;    0.00;        0;ENDLINE;
LINE;2.63;22.10;10.00;0.01; 0.00;  5.47;   0.92;    0.00;        0;ENDLINE;
LINE;2.64;22.16;10.00;0.01; 0.00;  5.48;   0.83;    0.00;        0;ENDLINE;
LINE;2.65;22.21;10.00;0.01; 0.00;  5.49;   0.75;    0.00;        0;ENDLINE;
LINE;2.66;22.27;10.00;0.01; 0.00;  5.50;   0.69;    0.00;        0;ENDLINE;
LINE;2.67;22.32;10.00;0.01; 0.00;  5.50;   0.64;    0.00;        0;ENDLINE;
LINE;2.68;22.38;10.00;0.01; 0.00;  5.51;   0.59;    0.00;        0;ENDLINE;
LINE;2.69;22.43;10.00;0.01; 0.00;  5.52;   0.55;    0.00;        0;ENDLINE;
LINE;2.70;22.49;10.00;0.00; 0.00;  5.52;   0.51;    0.00;        0;ENDLINE;
LINE;2.71;22.54;10.00;0.00; 0.00;  5.53;   0.47;    0.00;        0;ENDLINE;
LINE;2.72;22.60;10.00;0.00; 0.00;  5.53;   0.43;    0.00;        0;ENDLINE;
LINE;2.73;22.65;10.00;0.00; 0.00;  5.53;   0.40;    0.00;        0;ENDLINE;
LINE;2.74;22.71;10.00;0.00; 0.00;  5.54;   0.37;    0.00;        0;ENDLINE;
LINE;2.75;22.76;10.00;0.00; 0.00;  5.54;   0.35;    0.00;        0;ENDLINE;
LINE;2.76;22.82;10.00;0.00; 0.00;  5.55;   0.33;    0.00;        0;ENDLINE;
LINE;2.77;22.88;10.00;0.00; 0.00;  5.55;   0.32;    0.00;        0;ENDLINE;
LINE;2.78;22.93;10.00;0.00; 0.00;  5.55;   0.30;    0.00;        0;ENDLINE;
LINE;2.79;22.99;10.00;0.00; 0.00;  5.55;   0.29;    0.00;        0;ENDLINE;
LINE;2.80;23.04;10.00;0.00; 0.00;  5.56;   0.28;    0.00;        0;ENDLINE;
LINE;2.81;23.10;10.00;-0.00; 0.00;  5.56;   0.27;    0.00;        0;ENDLINE;
LINE;2.82;23.15;10.00;-0.00; 0.00;  5.56;   0.26;    0.00;        0;ENDLINE;
LINE;2.83;23.21;10.00;-0.00; 0.00;  5.57;   0.25;    0.00;        0;ENDLINE;
LINE;2.84;23.26;10.00;-0.00; 0.00;  5.57;   0.24;    0.00;        0;ENDLINE;
LINE;2.85;23.32;10.00;-0.00; 0.00;  5.57;   0.23;    0.00;        0;ENDLINE;
LINE;2.86;23.38;10.00;-0.00; 0.00;  5.57;   0.23;    0.00;        0;ENDLINE;
LINE;2.87;23.43;10.00;-0.00; 0.00;  5.57;   0.22;    0.00;        0;ENDLINE;
LINE;2.88;23.49;10.00;-0.00; 0.00;  5.58;   0.22;    0.00;        0;ENDLINE;
LINE;2.89;23.54;10.00;-0.00; 0.00;  5.58;   0.21;    0.00;        0;ENDLINE;
LINE;2.90;23.60;10.00;-0.00; 0.00;  5.58;   0.21;    0.00;        0;ENDLINE;
LINE;2.91;23.65;10.00;-0.00; 0.00;  5.58;   0.20;    0.00;        0;ENDLINE;
LINE;2.92;23.71;10.00;-0.00; 0.00;  5.59;   0.20;    0.00;        0;ENDLINE;
LINE;2.93;23.77;10.00;-0.00; 0.00;  5.59;   0.19;    0.00;        0;ENDLINE;
LINE;2.94;23.82;10.00;-0.00; 0.00;  5.59;   0.19;    0.00;        0;ENDLINE;
LINE;2.95;23.88;10.00;-0.00; 0.00;  5.59;   0.19;    0.00;        0;ENDLINE;
LINE;2.96;23.93;10.00;-0.00; 0.00;  5.59;   0.18;    0.00;        0;ENDLINE;
LINE;2.97;23.99;10.00;-0.00; 0.00;  5.59;   0.18;    0.00;        0;ENDLINE;
LINE;2.98;24.05;10.00;-0.00; 0.00;  5.60;   0.18;    0.00;        0;ENDLINE;
LINE;2.99;24.10;10.00;-0.00; 0.00;  5.60;   0.18;    0.00;        0;ENDLINE;
LINE;3.00;24.16;10.00;-0.00; 0.00;  5.60;   0.17;    0.00;        0;ENDLINE;
LINE;3.01;24.21;10.00;-0.00; 0.00;  5.60;   0.17;    0.00;        0;ENDLINE;
LINE;3.02;24.27;10.00;0.00; 0.00;  5.60;   0.17;    0.00;        0;ENDLINE;
LINE;3.03;24.33;10.00;0.00; 0.00;  5.61;   0.17;    0.00;        0;ENDLINE;
LINE;3.04;24.38;10.00;0.00; 0.00;  5.61;   0.17;    0.00;        0;ENDLINE;
LINE;3.05;24.44;10.00;0.00; 0.00;  5.61;   0.16;    0.00;        0;ENDLINE;
LINE;3.06;24.49;10.00;0.00; 0.00;  5.61;   0.16;    0.00;        0;ENDLINE;
LINE;3.07;24.55;10.00;0.00; 0.00;  5.61;   0.16;    0.00;        0;ENDLINE;
LINE;3.08;24.61;10.00;0.00; 0.00;  5.61;   0.16;    0.00;        0;ENDLINE;
LINE;3.09;24.66;10.00;0.00; 0.00;  5.62;   0.16;    0.00;        0;ENDLINE;
LINE;3.10;24.72;10.00;0.00; 0.00;  5.62;   0.15;    0.00;        0;ENDLINE;
LINE;3.11;24.78;10.00;0.00; 0.00;  5.62;   0.15;    0.00;        0;ENDLINE;
LINE;3.12;24.83;10.00;0.00; 0.00;  5.62;   0.15;    0.00;        0;ENDLINE;
LINE;3.13;24.89;10.00;0.00; 0.00;  5.62;   0.15;    0.00;        0;ENDLINE;
LINE;3.14;24.94;10.00;0.00; 0.00;  5.62;   0.15;    0.00;        0;ENDLINE;
LINE;3.15;25.00;10.00;0.00; 0.00;  5.62;   0.14;    0.00;        0;ENDLINE;
LINE;3.16;25.06;10.00;0.00; 0.00;  5.63;   0.14;    0.00;        0;ENDLINE;
LINE;3.17;25.11;10.00;0.00; 0.00;  5.63;   0.14;    0.00;        0;ENDLINE;
LINE;3.18;25.17;10.00;0.00; 0.00;  5.63;   0.14;    0.00;        0;ENDLINE;
LINE;3.19;25.23;10.00;0.00; 0.00;  5.63;   0.14;    0.00;        0;ENDLINE;
LINE;3.20;25.28;10.00;0.00; 0.00;  5.63;   0.13;    0.00;        0;ENDLINE;
LINE;3.21;25.34;10.00;0.00; 0.00;  5.63;   0.13;    0.00;        0;ENDLINE;
LINE;3.22;25.39;10.00;0.00; 0.00;  5.63;   0.13;    0.00;        0;ENDLINE;
LINE;3.23;25.45;10.00;0.00; 0.00;  5.63;   0.13;    0.00;        0;ENDLINE;
LINE;3.24;25.51;10.00;0.00; 0.00;  5.64;   0.13;    0.00;        0;ENDLINE;
LINE;3.25;25.56;10.00;0.00; 0.00;  5.64;   0.12;    0.00;        0;ENDLINE;
LINE;3.26;25.62;10.00;0.00; 0.00;  5.64;   0.12;    0.00;        0;ENDLINE;
LINE;3.27;25.68;10.00;0.00; 0.00;  5.64;   0.12;    0.00;        0;ENDLINE;
LINE;3.28;25.73;10.00;0.00; 0.00;  5.64;   0.12;    0.00;        0;ENDLINE;
LINE;3.29;25.79;10.00;0.00; 0.00;  5.64;   0.12;    0.00;        0;ENDLINE;
LINE;3.30;25.85;10.00;0.00; 0.00;  5.64;   0.11;    0.00;        0;ENDLINE;
LINE;3.31;25.90;10.00;0.00; 0.00;  5.64;   0.11;    0.00;        0;ENDLINE;
LINE;3.32;25.96;10.00;0.00; 0.00;  5.65;   0.11;    0.00;        0;ENDLINE;
LINE;3.33;26.01;10.00;0.00; 0.00;  5.65;   0.11;    0.00;        0;ENDLINE;
LINE;3.34;26.07;10.00;0.00; 0.00;  5.65;   0.11;    0.00;        0;ENDLINE;
LINE;3.35;26.13;10.00;0.00; 0.00;  5.65;   0.11;    0.00;        0;ENDLINE;
LINE;3.36;26.18;10.00;0.00; 0.00;  5.65;   0.10;    0.00;        0;ENDLINE;
LINE;3.37;26.24;10.00;0.00; 0.00;  5.65;   0.10;    0.00;        0;ENDLINE;
LINE;3.38;26.30;10.00;0.00; 0.00;  5.65;   0.10;    0.00;        0;ENDLINE;
LINE;3.39;26.35;10.00;0.00; 0.00;  5.65;   0.10;    0.00;        0;ENDLINE;
LINE;3.40;26.41;10.00;0.00; 0.00;  5.65;   0.10;    0.00;        0;ENDLINE;
LINE;3.41;26.47;10.00;0.00; 0.00;  5.65;   0.09;    0.00;        0;ENDLINE;
LINE;3.42;26.52;10.00;0.00; 0.00;  5.66;   0.09;    0.00;        0;ENDLINE;
LINE;3.43;26.58;10.00;0.00; 0.00;  5.66;   0.09;    0.00;        0;ENDLINE;
LINE;3.44;26.64;10.00;0.00; 0.00;  5.66;   0.09;    0.00;        0;ENDLINE;
LINE;3.45;26.69;10.00;0.00; 0.00;  5.66;   0.09;    0.00;        0;ENDLINE;
LINE;3.46;26.75;10.00;0.00; 0.00;  5.66;   0.09;    0.00;        0;ENDLINE;
LINE;3.47;26.81;10.00;0.00; 0.00;  5.66;   0.08;    0.00;        0;ENDLINE;
LINE;3.48;26.86;10.00;0.00; 0.00;  5.66;   0.08;    0.00;        0;ENDLINE;
LINE;3.49;26.92;10.00;0.00; 0.00;  5.66;   0.08;    0.00;        0;ENDLINE;
LINE;3.50;26.98;10.00;0.00; 0.00;  5.66;   0.08;    0.00;        0;ENDLINE;
LINE;3.51;27.03;10.00;0.00; 0.00;  5.66;   0.08;    0.00;        0;ENDLINE;
LINE;3.52;27.09;10.00;0.00; 0.00;  5.66;   0.08;    0.00;        0;ENDLINE;
LINE;3.53;27.15;10.00;0.00; 0.00;  5.67;   0.07;    0.00;        0;ENDLINE;
LINE;3.54;27.20;10.00;0.00; 0.00;  5.67;   0.07;    0.00;        0;ENDLINE;
LINE;3.55;27.26;10.00;0.00; 0.00;  5.67;   0.07;    0.00;        0;ENDLINE;
LINE;3.56;27.32;10.00;0.00; 0.00;  5.67;   0.07;    0.00;        0;ENDLINE;
LINE;3.57;27.37;10.00;0.00; 0.00;  5.67;   0.07;    0.00;        0;ENDLINE;
LINE;3.58;27.43;10.00;0.00; 0.00;  5.67;   0.07;    0.00;        0;ENDLINE;
LINE;3.59;27.49;10.00;0.00; 0.00;  5.67;   0.07;    0.00;        0;ENDLINE;
LINE;3.60;27.54;10.00;0.00; 0.00;  5.67;   0.07;    0.00;        0;ENDLINE;
LINE;3.61;27.60;10.00;0.00; 0.00;  5.67;   0.06;    0.00;        0;ENDLINE;
LINE;3.62;27.66;10.00;0.00; 0.00;  5.67;   0.06;    0.00;        0;ENDLINE;
LINE;3.63;27.71;10.00;0.00; 0.00;  5.67;   0.06;    0.00;        0;ENDLINE;
LINE;3.64;27.77;10.00;0.00; 0.00;  5.67;   0.06;    0.00;        0;ENDLINE;
LINE;3.65;27.83;10.00;0.00; 0.00;  5.67;   0.06;    0.00;        0;ENDLINE;
LINE;3.66;27.88;10.00;0.00; 0.00;  5.67;   0.06;    0.00;        0;ENDLINE;
LINE;3.67;27.94;10.00;0.00; 0.00;  5.67;   0.06;    0.00;        0;ENDLINE;
LINE;3.68;28.00;10.00;0.00; 0.00;  5.67;   0.06;    0.00;        0;ENDLINE;
LINE;3.69;28.05;10.00;0.00; 0.00;  5.68;   0.05;    0.00;        0;ENDLINE;
LINE;3.70;28.11;10.00;0.00; 0.00;  5.68;   0.05;    0.00;        0;ENDLINE;
LINE;3.71;28.17;10.00;0.00; 0.00;  5.68;   0.05;    0.00;        0;ENDLINE;
LINE;3.72;28.22;10.00;0.00; 0.00;  5.68;   0.05;    0.00;        0;ENDLINE;
LINE;3.73;28.28;10.00;0.00; 0.00;  5.68;   0.05;    0.00;        0;ENDLINE;
LINE;3.74;28.34;10.00;0.00; 0.00;  5.68;   0.05;    0.00;        0;ENDLINE;
LINE;3.75;28.39;10.00;0.00; 0.00;  5.68;   0.05;    0.00;        0;ENDLINE;
LINE;3.76;28.45;10.00;0.00; 0.00;  5.68;   0.05;    0.00;        0;ENDLINE;
LINE;3.77;28.51;10.00;0.00; 0.00;  5.68;   0.04;    0.00;        0;ENDLINE;
LINE;3.78;28.56;10.00;0.00; 0.00;  5.68;   0.04;    0.00;        0;ENDLINE;
LINE;3.79;28.62;10.00;0.00; 0.00;  5.68;   0.04;    0.00;        0;ENDLINE;
LINE;3.80;28.68;10.00;0.00; 0.00;  5.68;   0.04;    0.00;        0;ENDLINE;
LINE;3.81;28.73;10.00;0.00; 0.00;  5.68;   0.04;    0.00;        0;ENDLINE;
LINE;3.82;28.79;10.00;0.00; 0.00;  5.68;   0.04;    0.00;        0;ENDLINE;
LINE;3.83;28.85;10.00;0.00; 0.00;  5.68;   0.04;    0.00;        0;ENDLINE;
LINE;3.84;28.91;10.00;0.00; 0.00;  5.68;   0.04;    0.00;        0;ENDLINE;
LINE;3.85;28.96;10.00;0.00; 0.00;  5.68;   0.04;    0.00;        0;ENDLINE;
LINE;3.86;29.02;10.00;0.00; 0.00;  5.68;   0.03;    0.00;        0;ENDLINE;
LINE;3.87;29.08;10.00;0.00; 0.00;  5.68;   0.03;    0.00;        0;ENDLINE;
LINE;3.88;29.13;10.00;0.00; 0.00;  5.68;   0.03;    0.00;        0;ENDLINE;
LINE;3.89;29.19;10.00;0.00; 0.00;  5.68;   0.03;    0.00;        0;ENDLINE;
LINE;3.90;29.25;10.00;0.00; 0.00;  5.68;   0.03;    0.00;        0;ENDLINE;
LINE;3.91;29.30;10.00;0.00; 0.00;  5.68;   0.03;    0.00;        0;ENDLINE;
LINE;3.92;29.36;10.00;0.00; 0.00;  5.68;   0.03;    0.00;        0;ENDLINE;
LINE;3.93;29.42;10.00;0.00; 0.00;  5.68;   0.03;    0.00;        0;ENDLINE;
LINE;3.94;29.47;10.00;0.00; 0.00;  5.69;   0.03;    0.00;        0;ENDLINE;
LINE;3.95;29.53;10.00;0.00; 0.00;  5.69;   0.02;    0.00;        0;ENDLINE;
LINE;3.96;29.59;10.00;0.00; 0.00;  5.69;   0.02;    0.00;        0;ENDLINE;
LINE;3.97;29.64;10.00;0.00; 0.00;  5.69;   0.02;    0.00;        0;ENDLINE;
LINE;3.98;29.70;10.00;0.00; 0.00;  5.69;   0.02;    0.00;        0;ENDLINE;
LINE;3.99;29.76;10.00;0.00; 0.00;  5.69;   0.02;    0.00;        0;ENDLINE;
LINE;4.00;29.81;10.00;0.00; 0.00;  5.69;   0.02;    0.00;        0;ENDLINE;
LINE;4.01;29.87;10.00;0.00; 0.00;  5.69;   0.02;    0.00;        0;ENDLINE;
LINE;4.02;29.93;10.00;0.00; 0.00;  5.69;   0.02;    0.00;        0;ENDLINE;
LINE;4.03;29.99;10.00;0.00; 0.00;  5.69;   0.02;    0.00;        0;ENDLINE;
LINE;4.04;30.04;10.00;0.00; 0.00;  5.69;   0.02;    0.00;        0;ENDLINE;
LINE;4.05;30.10;10.00;0.00; 0.00;  5.69;   0.01;    0.00;        0;ENDLINE;
LINE;4.06;30.16;10.00;0.00; 0.00;  5.69;   0.01;    0.00;        0;ENDLINE;
LINE;4.07;30.21;10.00;0.00; 0.00;  5.69;   0.01;    0.00;        0;ENDLINE;
LINE;4.08;30.27;10.00;0.00; 0.00;  5.69;   0.01;    0.00;        0;ENDLINE;
LINE;4.09;30.33;10.00;0.00; 0.00;  5.69;   0.01;    0.00;        0;ENDLINE;
LINE;4.10;30.38;10.00;0.00; 0.00;  5.69;   0.01;    0.00;        0;ENDLINE;
LINE;4.11;30.44;10.00;0.00; 0.00;  5.69;   0.01;    0.00;        0;ENDLINE;
LINE;4.12;30.50;10.00;0.00; 0.00;  5.69;   0.01;    0.00;        0;ENDLINE;
LINE;4.13;30.55;10.00;0.00; 0.00;  5.69;   0.01;    0.00;        0;ENDLINE;
LINE;4.14;30.61;10.00;0.00; 0.00;  5.69;   0.01;    0.00;        0;ENDLINE;
LINE;4.15;30.67;10.00;0.00; 0.00;  5.69;   0.01;    0.00;        0;ENDLINE;
LINE;4.16;30.72;10.00;0.00; 0.00;  5.69;   0.00;    0.00;        0;ENDLINE;
LINE;4.17;30.78;10.00;0.00; 0.00;  5.69;   0.00;    0.00;        0;ENDLINE;
LINE;4.18;30.84;10.00;0.00; 0.00;  5.69;   0.00;    0.00;        0;ENDLINE;
LINE;4.19;30.90;10.00;0.00; 0.00;  5.69;   0.00;    0.00;        0;ENDLINE;
LINE;4.20;30.95;10.00;0.00; 0.00;  5.69;   0.00;    0.00;        0;ENDLINE;
LINE;4.21;31.01;10.00;0.00; 0.00;  5.69;   0.00;    0.00;        0;ENDLINE;
LINE;4.22;31.07;10.00;0.00; 0.00;  5.69;   0.00;    0.00;        0;ENDLINE;
LINE;4.23;31.12;10.00;0.00; 0.00;  5.69;   0.00;    0.00;        0;ENDLINE;
LINE;4.24;31.18;10.00;0.00; 0.00;  5.69;   0.00;    0.00;        0;ENDLINE;
LINE;4.25;31.24;10.00;0.00; 0.00;  5.69;   0.00;    0.00;        0;ENDLINE;
LINE;4.26;31.29;10.00;0.00; 0.00;  5.69;   0.00;    0.00;        0;ENDLINE;
LINE;4.27;31.35;10.00;0.00; 0.00;  5.69;   0.00;    0.00;        0;ENDLINE;
LINE;4.28;31.41;10.00;0.00; 0.00;  5.69;   0.00;    0.00;        0;ENDLINE;
LINE;4.29;31.46;10.00;0.00; 0.00;  5.69;   0.00;    0.00;        0;ENDLINE;
LINE;4.30;31.52;10.00;0.00; 0.00;  5.69;   0.00;    0.00;        0;ENDLINE;
LINE;4.31;31.58;10.00;0.00; 0.00;  5.69;   0.00;    0.00;        0;ENDLINE;
LINE;4.32;31.63;10.00;0.00; 0.00;  5.69;   0.00;    0.00;        0;ENDLINE;
LINE;4.33;31.69;10.00;0.00; 0.00;  5.69;   0.00;    0.00;        0;ENDLINE;
LINE;4.34;31.75;10.00;0.00; 0.00;  5.69;   0.00;    0.00;        0;ENDLINE;
LINE;4.35;31.81;10.00;0.00; 0.00;  5.69;   0.00;    0.00;        0;ENDLINE;
LINE;4.36;31.86;10.00;0.00; 0.00;  5.69;  -0.01;    0.00;        0;ENDLINE;
LINE;4.37;31.92;10.00;0.00; 0.00;  5.69;  -0.01;    0.00;        0;ENDLINE;
LINE;4.38;31.98;10.00;0.00; 0.00;  5.69;  -0.01;    0.00;        0;ENDLINE;
LINE;4.39;32.03;10.00;0.00; 0.00;  5.69;  -0.01;    0.00;        0;ENDLINE;
LINE;4.40;32.09;10.00;0.00; 0.00;  5.69;  -0.01;    0.00;        0;ENDLINE;
LINE;4.41;32.15;10.00;0.00; 0.00;  5.69;  -0.01;    0.00;        0;ENDLINE;
LINE;4.42;32.20;10.00;0.00; 0.00;  5.69;  -0.01;    0.00;        0;ENDLINE;
LINE;4.43;32.26;10.00;0.00; 0.00;  5.69;  -0.01;    0.00;        0;ENDLINE;
LINE;4.44;32.32;10.00;0.00; 0.00;  5.69;  -0.01;    0.00;        0;ENDLINE;
LINE;4.45;32.37;10.00;0.00; 0.00;  5.69;  -0.02;    0.00;        0;ENDLINE;
LINE;4.46;32.43;10.00;0.00; 0.00;  5.69;  -0.02;    0.00;        0;ENDLINE;
LINE;4.47;32.49;10.00;0.00; 0.00;  5.69;  -0.02;    0.00;        0;ENDLINE;
LINE;4.48;32.54;10.00;0.00; 0.00;  5.69;  -0.02;    0.00;        0;ENDLINE;
LINE;4.49;32.60;10.00;0.00; 0.00;  5.69;  -0.02;    0.00;        0;ENDLINE;
LINE;4.50;32.66;10.00;0.00; 0.00;  5.69;  -0.02;    0.00;        0;ENDLINE;
LINE;4.51;32.72;10.00;0.00; 0.00;  5.69;  -0.02;    0.00;        0;ENDLINE;
LINE;4.52;32.77;10.00;0.00; 0.00;  5.69;  -0.02;    0.00;        0;ENDLINE;
LINE;4.53;32.83;10.00;0.00; 0.00;  5.69;  -0.02;    0.00;        0;ENDLINE;
LINE;4.54;32.89;10.00;0.00; 0.00;  5.69;  -0.02;    0.00;        0;ENDLINE;
LINE;4.55;32.94;10.00;0.00; 0.00;  5.68;  -0.02;    0.00;        0;ENDLINE;
LINE;4.56;33.00;10.00;0.00; 0.00;  5.68;  -0.02;    0.00;        0;ENDLINE;
LINE;4.57;33.06;10.00;0.00; 0.00;  5.68;  -0.02;    0.00;        0;ENDLINE;
LINE;4.58;33.11;10.00;0.00; 0.00;  5.68;  -0.02;    0.00;        0;ENDLINE;
LINE;4.59;33.17;10.00;0.00; 0.00;  5.68;  -0.02;    0.00;        0;ENDLINE;
LINE;4.60;33.23;10.00;0.00; 0.00;  5.68;  -0.02;    0.00;        0;ENDLINE;
LINE;4.61;33.28;10.00;0.00; 0.00;  5.68;  -0.02;    0.00;        0;ENDLINE;
LINE;4.62;33.34;10.00;0.00; 0.00;  5.68;  -0.02;    0.00;        0;ENDLINE;
LINE;4.63;33.40;10.00;0.00; 0.00;  5.68;  -0.03;    0.00;        0;ENDLINE;
LINE;4.64;33.45;10.00;0.00; 0.00;  5.68;  -0.03;    0.00;        0;ENDLINE;
LINE;4.65;33.51;10.00;0.00; 0.00;  5.68;  -0.03;    0.00;        0;ENDLINE;
LINE;4.66;33.57;10.00;0.00; 0.00;  5.68;  -0.03;    0.00;        0;ENDLINE;
LINE;4.67;33.62;10.00;0.00; 0.00;  5.68;  -0.03;    0.00;        0;ENDLINE;
LINE;4.68;33.68;10.00;0.00; 0.00;  5.68;  -0.03;    0.00;        0;ENDLINE;
LINE;4.69;33.74;10.00;0.00; 0.00;  5.68;  -0.03;    0.00;        0;ENDLINE;
LINE;4.70;33.80;10.00;0.00; 0.00;  5.68;  -0.03;    0.00;        0;ENDLINE;
LINE;4.71;33.85;10.00;0.00; 0.00;  5.68;  -0.03;    0.00;        0;ENDLINE;
LINE;4.72;33.91;10.00;0.00; 0.00;  5.68;  -0.03;    0.00;        0;ENDLINE;
LINE;4.73;33.97;10.00;0.00; 0.00;  5.68;  -0.03;    0.00;        0;ENDLINE;
LINE;4.74;34.02;10.00;0.00; 0.00;  5.68;  -0.03;    0.00;        0;ENDLINE;
LINE;4.75;34.08;10.00;0.00; 0.00;  5.68;  -0.03;    0.00;        0;ENDLINE;
LINE;4.76;34.14;10.00;0.00; 0.00;  5.68;  -0.03;    0.00;        0;ENDLINE;
LINE;4.77;34.19;10.00;0.00; 0.00;  5.68;  -0.03;    0.00;        0;ENDLINE;
LINE;4.78;34.25;10.00;0.00; 0.00;  5.68;  -0.03;    0.00;        0;ENDLINE;
LINE;4.79;34.31;10.00;0.00; 0.00;  5.68;  -0.03;    0.00;        0;ENDLINE;
LINE;4.80;34.36;10.00;0.00; 0.00;  5.68;  -0.03;    0.00;        0;ENDLINE;
LINE;4.81;34.42;10.00;0.00; 0.00;  5.68;  -0.03;    0.00;        0;ENDLINE;
LINE;4.82;34.48;10.00;0.00; 0.00;  5.68;  -0.03;    0.00;        0;ENDLINE;
LINE;4.83;34.53;10.00;0.00; 0.00;  5.68;  -0.03;    0.00;        0;ENDLINE;
LINE;4.84;34.59;10.00;0.00; 0.00;  5.68;  -0.03;    0.00;        0;ENDLINE;
LINE;4.85;34.65;10.00;0.00; 0.00;  5.68;  -0.03;    0.00;        0;ENDLINE;
LINE;4.86;34.70;10.00;0.00; 0.00;  5.68;  -0.03;    0.00;        0;ENDLINE;
LINE;4.87;34.76;10.00;0.00; 0.00;  5.68;  -0.03;    0.00;        0;ENDLINE;
LINE;4.88;34.82;10.00;0.00; 0.00;  5.68;  -0.04;    0.00;        0;ENDLINE;
LINE;4.89;34.87;10.00;0.00; 0.00;  5.68;  -0.04;    0.00;        0;ENDLINE;
LINE;4.90;34.93;10.00;0.00; 0.00;  5.67;  -0.04;    0.00;        0;ENDLINE;
LINE;4.91;34.99;10.00;0.00; 0.00;  5.67;  -0.04;    0.00;        0;ENDLINE;
LINE;4.92;35.04;10.00;0.00; 0.00;  5.67;  -0.04;    0.00;        0;ENDLINE;
LINE;4.93;35.10;10.00;0.00; 0.00;  5.67;  -0.04;    0.00;        0;ENDLINE;
LINE;4.94;35.16;10.00;0.00; 0.00;  5.67;  -0.04;    0.00;        0;ENDLINE;
LINE;4.95;35.21;10.00;0.00; 0.00;  5.67;  -0.04;    0.00;        0;ENDLINE;
LINE;4.96;35.27;10.00;0.00; 0.00;  5.67;  -0.04;    0.00;        0;ENDLINE;
LINE;4.97;35.33;10.00;0.00; 0.00;  5.67;  -0.04;    0.00;        0;ENDLINE;
LINE;4.98;35.38;10.00;0.00; 0.00;  5.67;  -0.04;    0.00;        0;ENDLINE;
LINE;4.99;35.44;10.00;0.00; 0.00;  5.67;  -0.04;    0.00;        0;ENDLINE;
LINE;5.00;35.50;10.00;0.00; 0.00;  5.67;  -0.04;    0.00;        0;ENDLINE;
LINE;5.01;35.55;10.00;0.00; 0.00;  5.67;  -0.04;    0.00;        0;ENDLINE;
LINE;5.02;35.61;10.00;0.00; 0.00;  5.67;  -0.04;    0.00;        0;ENDLINE;
LINE;5.03;35.67;10.00;0.00; 0.00;  5.67;  -0.04;    0.00;        0;ENDLINE;
LINE;5.04;35.72;10.00;0.00; 0.00;  5.67;  -0.04;    0.00;        0;ENDLINE;
LINE;5.05;35.78;10.00;0.00; 0.00;  5.67;  -0.04;    0.00;        0;ENDLINE;
LINE;5.06;35.84;10.00;0.00; 0.00;  5.67;  -0.04;    0.00;        0;ENDLINE;
LINE;5.07;35.89;10.00;0.00; 0.00;  5.67;  -0.04;    0.00;        0;ENDLINE;
LINE;5.08;35.95;10.00;0.00; 0.00;  5.67;  -0.04;    0.00;        0;ENDLINE;
LINE;5.09;36.01;10.00;0.00; 0.00;  5.67;  -0.04;    0.00;        0;ENDLINE;
LINE;5.10;36.07;10.00;0.00; 0.00;  5.67;  -0.04;    0.00;        0;ENDLINE;
LINE;5.11;36.12;10.00;0.00; 0.00;  5.67;  -0.04;    0.00;        0;ENDLINE;
LINE;5.12;36.18;10.00;0.00; 0.00;  5.67;  -0.04;    0.00;        0;ENDLINE;
LINE;5.13;36.23;10.00;0.00; 0.00;  5.67;  -0.04;    0.00;        0;ENDLINE;
LINE;5.14;36.29;10.00;0.00; 0.00;  5.67;  -0.04;    0.00;        0;ENDLINE;
LINE;5.15;36.35;10.00;0.00; 0.00;  5.66;  -0.04;    0.00;        0;ENDLINE;
LINE;5.16;36.40;10.00;0.00; 0.00;  5.66;  -0.04;    0.00;        0;ENDLINE;
LINE;5.17;36.46;10.00;0.00; 0.00;  5.66;  -0.04;    0.00;        0;ENDLINE;
LINE;5.18;36.52;10.00;0.00; 0.00;  5.66;  -0.04;    0.00;        0;ENDLINE;
LINE;5.19;36.57;10.00;0.00; 0.00;  5.66;  -0.04;    0.00;        0;ENDLINE;
LINE;5.20;36.63;10.00;0.00; 0.00;  5.66;  -0.04;    0.00;        0;ENDLINE;
LINE;5.21;36.69;10.00;0.00; 0.00;  5.66;  -0.04;    0.00;        0;ENDLINE;
LINE;5.22;36.74;10.00;0.00; 0.00;  5.66;  -0.04;    0.00;        0;ENDLINE;
LINE;5.23;36.80;10.00;0.00; 0.00;  5.66;  -0.04;    0.00;        0;ENDLINE;
LINE;5.24;36.86;10.00;0.00; 0.00;  5.66;  -0.04;    0.00;        0;ENDLINE;
LINE;5.25;36.91;10.00;0.00; 0.00;  5.66;  -0.04;    0.00;        0;ENDLINE;
LINE;5.26;36.97;10.00;0.00; 0.00;  5.66;  -0.04;    0.00;        0;ENDLINE;
LINE;5.27;37.03;10.00;0.00; 0.00;  5.66;  -0.04;    0.00;        0;ENDLINE;
LINE;5.28;37.08;10.00;0.00; 0.00;  5.66;  -0.04;    0.00;        0;ENDLINE;
LINE;5.29;37.14;10.00;0.00; 0.00;  5.66;  -0.04;    0.00;        0;ENDLINE;
LINE;5.30;37.20;10.00;0.00; 0.00;  5.66;  -0.04;    0.00;        0;ENDLINE;
LINE;5.31;37.25;10.00;0.00; 0.00;  5.66;  -0.04;    0.00;        0;ENDLINE;
LINE;5.32;37.31;10.00;0.00; 0.00;  5.66;  -0.04;    0.00;        0;ENDLINE;
LINE;5.33;37.37;10.00;0.00; 0.00;  5.66;  -0.04;    0.00;        0;ENDLINE;
LINE;5.34;37.42;10.00;0.00; 0.00;  5.66;  -0.04;    0.00;        0;ENDLINE;
LINE;5.35;37.48;10.00;0.00; 0.00;  5.66;  -0.04;    0.00;        0;ENDLINE;
LINE;5.36;37.54;10.00;0.00; 0.00;  5.66;  -0.04;    0.00;        0;ENDLINE;
LINE;5.37;37.59;10.00;0.00; 0.00;  5.66;  -0.04;    0.00;        0;ENDLINE;
LINE;5.38;37.65;10.00;0.00; 0.00;  5.66;  -0.04;    0.00;        0;ENDLINE;
LINE;5.39;37.71;10.00;0.00; 0.00;  5.65;  -0.04;    0.00;        0;ENDLINE;
LINE;5.40;37.76;10.00;0.00; 0.00;  5.65;  -0.04;    0.00;        0;ENDLINE;
LINE;5.41;37.82;10.00;0.00; 0.00;  5.65;  -0.04;    0.00;        0;ENDLINE;
LINE;5.42;37.88;10.00;0.00; 0.00;  5.65;  -0.05;    0.00;        0;ENDLINE;
LINE;5.43;37.93;10.00;0.00; 0.00;  5.65;  -0.05;    0.00;        0;ENDLINE;
LINE;5.44;37.99;10.00;0.00; 0.00;  5.65;  -0.05;    0.00;        0;ENDLINE;
LINE;5.45;38.05;10.00;0.00; 0.00;  5.65;  -0.05;    0.00;        0;ENDLINE;
LINE;5.46;38.10;10.00;0.00; 0.00;  5.65;  -0.05;    0.00;        0;ENDLINE;
LINE;5.47;38.16;10.00;0.00; 0.00;  5.65;  -0.05;    0.00;        0;ENDLINE;
LINE;5.48;38.22;10.00;0.00; 0.00;  5.65;  -0.05;    0.00;        0;ENDLINE;
LINE;5.49;38.27;10.00;0.00; 0.00;  5.65;  -0.05;    0.00;        0;ENDLINE;
LINE;5.50;38.33;10.00;0.00; 0.00;  5.65;  -0.05;    0.00;        0;ENDLINE;
LINE;5.51;38.38;10.00;0.00; 0.00;  5.65;  -0.05;    0.00;        0;ENDLINE;
LINE;5.52;38.44;10.00;0.00; 0.00;  5.65;  -0.05;    0.00;        0;ENDLINE;
LINE;5.53;38.50;10.00;0.00; 0.00;  5.65;  -0.05;    0.00;        0;ENDLINE;
LINE;5.54;38.55;10.00;0.00; 0.00;  5.65;  -0.05;    0.00;        0;ENDLINE;
LINE;5.55;38.61;10.00;0.00; 0.00;  5.65;  -0.05;    0.00;        0;ENDLINE;
LINE;5.56;38.67;10.00;0.00; 0.00;  5.65;  -0.05;    0.00;        0;ENDLINE;
LINE;5.57;38.72;10.00;0.00; 0.00;  5.65;  -0.05;    0.00;        0;ENDLINE;
LINE;5.58;38.78;10.00;0.00; 0.00;  5.65;  -0.05;    0.00;        0;ENDLINE;
LINE;5.59;38.84;10.00;0.00; 0.00;  5.65;  -0.05;    0.00;        0;ENDLINE;
LINE;5.60;38.89;10.00;0.00; 0.00;  5.65;  -0.05;    0.00;        0;ENDLINE;
LINE;5.61;38.95;10.00;0.00; 0.00;  5.64;  -0.05;    0.00;        0;ENDLINE;
LINE;5.62;39.01;10.00;0.00; 0.00;  5.64;  -0.05;    0.00;        0;ENDLINE;
LINE;5.63;39.06;10.00;0.00; 0.00;  5.64;  -0.05;    0.00;        0;ENDLINE;
LINE;5.64;39.12;10.00;0.00; 0.00;  5.64;  -0.05;    0.00;        0;ENDLINE;
LINE;5.65;39.18;10.00;0.00; 0.00;  5.64;  -0.05;    0.00;        0;ENDLINE;
LINE;5.66;39.23;10.00;0.00; 0.00;  5.64;  -0.05;    0.00;        0;ENDLINE;
LINE;5.67;39.29;10.00;0.00; 0.00;  5.64;  -0.05;    0.00;        0;ENDLINE;
LINE;5.68;39.34;10.00;0.00; 0.00;  5.64;  -0.05;    0.00;        0;ENDLINE;
LINE;5.69;39.40;10.00;0.00; 0.00;  5.64;  -0.05;    0.00;        0;ENDLINE;
LINE;5.70;39.46;10.00;0.00; 0.00;  5.64;  -0.05;    0.00;        0;ENDLINE;
LINE;5.71;39.51;10.00;0.00; 0.00;  5.64;  -0.05;    0.00;        0;ENDLINE;
LINE;5.72;39.57;10.00;0.00; 0.00;  5.64;  -0.05;    0.00;        0;ENDLINE;
LINE;5.73;39.63;10.00;0.00; 0.00;  5.64;  -0.05;    0.00;        0;ENDLINE;
LINE;5.74;39.68;10.00;0.00; 0.00;  5.64;  -0.05;    0.00;        0;ENDLINE;
LINE;5.75;39.74;10.00;0.00; 0.00;  5.64;  -0.05;    0.00;        0;ENDLINE;
LINE;5.76;39.80;10.00;0.00; 0.00;  5.64;  -0.05;    0.00;        0;ENDLINE;
LINE;5.77;39.85;10.00;0.00; 0.00;  5.64;  -0.05;    0.00;        0;ENDLINE;
LINE;5.78;39.91;10.00;0.00; 0.00;  5.64;  -0.05;    0.00;        0;ENDLINE;
LINE;5.79;39.96;10.00;0.00; 0.00;  5.64;  -0.05;    0.00;        0;ENDLINE;
LINE;5.80;40.02;10.00;0.00; 0.00;  5.64;  -0.05;    0.00;        0;ENDLINE;
LINE;5.81;40.08;10.00;0.00; 0.00;  5.64;  -0.05;    0.00;        0;ENDLINE;
LINE;5.82;40.13;10.00;0.00; 0.00;  5.63;  -0.05;    0.00;        0;ENDLINE;
LINE;5.83;40.19;10.00;0.00; 0.00;  5.63;  -0.05;    0.00;        0;ENDLINE;
LINE;5.84;40.25;10.00;0.00; 0.00;  5.63;  -0.05;    0.00;        0;ENDLINE;
LINE;5.85;40.30;10.00;0.00; 0.00;  5.63;  -0.05;    0.00;        0;ENDLINE;
LINE;5.86;40.36;10.00;0.00; 0.00;  5.63;  -0.05;    0.00;        0;ENDLINE;
LINE;5.87;40.42;10.00;0.00; 0.00;  5.63;  -0.05;    0.00;        0;ENDLINE;
LINE;5.88;40.47;10.00;0.00; 0.00;  5.63;  -0.05;    0.00;        0;ENDLINE;
LINE;5.89;40.53;10.00;0.00; 0.00;  5.63;  -0.05;    0.00;        0;ENDLINE;
LINE;5.90;40.58;10.00;0.00; 0.00;  5.63;  -0.05;    0.00;        0;ENDLINE;
LINE;5.91;40.64;10.00;0.00; 0.00;  5.63;  -0.05;    0.00;        0;ENDLINE;
LINE;5.92;40.70;10.00;0.00; 0.00;  5.63;  -0.05;    0.00;        0;ENDLINE;
LINE;5.93;40.75;10.00;0.00; 0.00;  5.63;  -0.05;    0.00;        0;ENDLINE;
LINE;5.94;40.81;10.00;0.00; 0.00;  5.63;  -0.05;    0.00;        0;ENDLINE;
LINE;5.95;40.87;10.00;0.00; 0.00;  5.63;  -0.05;    0.00;        0;ENDLINE;
LINE;5.96;40.92;10.00;0.00; 0.00;  5.63;  -0.05;    0.00;        0;ENDLINE;
LINE;5.97;40.98;10.00;0.00; 0.00;  5.63;  -0.04;    0.00;        0;ENDLINE;
LINE;5.98;41.03;10.00;0.00; 0.00;  5.63;  -0.04;    0.00;        0;ENDLINE;
LINE;5.99;41.09;10.00;0.00; 0.00;  5.63;  -0.04;    0.00;        0;ENDLINE;
LINE;6.00;41.15;10.00;0.00; 0.00;  5.63;  -0.04;    0.00;        0;ENDLINE;
LINE;6.01;41.20;10.00;0.00; 0.00;  5.63;  -0.04;    0.00;        0;ENDLINE;
LINE;6.02;41.26;10.00;0.00; 0.00;  5.63;  -0.04;    0.00;        0;ENDLINE;
LINE;6.03;41.32;10.00;0.00; 0.00;  5.63;  -0.04;    0.00;        0;ENDLINE;
LINE;6.04;41.37;10.00;0.00; 0.00;  5.62;  -0.04;    0.00;        0;ENDLINE;
LINE;6.05;41.43;10.00;0.00; 0.00;  5.62;  -0.04;    0.00;        0;ENDLINE;
LINE;6.06;41.48;10.00;0.00; 0.00;  5.62;  -0.04;    0.00;        0;ENDLINE;
LINE;6.07;41.54;10.00;0.00; 0.00;  5.62;  -0.04;    0.00;        0;ENDLINE;
LINE;6.08;41.60;10.00;0.00; 0.00;  5.62;  -0.04;    0.00;        0;ENDLINE;
LINE;6.09;41.65;10.00;0.00; 0.00;  5.62;  -0.04;    0.00;        0;ENDLINE;
LINE;6.10;41.71;10.00;0.00; 0.00;  5.62;  -0.04;    0.00;        0;ENDLINE;
LINE;6.11;41.77;10.00;0.00; 0.00;  5.62;  -0.04;    0.00;        0;ENDLINE;
LINE;6.12;41.82;10.00;0.00; 0.00;  5.62;  -0.04;    0.00;        0;ENDLINE;
LINE;6.13;41.88;10.00;0.00; 0.00;  5.62;  -0.04;    0.00;        0;ENDLINE;
LINE;6.14;41.93;10.00;0.00; 0.00;  5.62;  -0.04;    0.00;        0;ENDLINE;
LINE;6.15;41.99;10.00;0.00; 0.00;  5.62;  -0.04;    0.00;        0;ENDLINE;
LINE;6.16;42.05;10.00;0.00; 0.00;  5.62;  -0.04;    0.00;        0;ENDLINE;
LINE;6.17;42.10;10.00;0.00; 0.00;  5.62;  -0.04;    0.00;        0;ENDLINE;
LINE;6.18;42.16;10.00;0.00; 0.00;  5.62;  -0.04;    0.00;        0;ENDLINE;
LINE;6.19;42.22;10.00;0.00; 0.00;  5.62;  -0.04;    0.00;        0;ENDLINE;
LINE;6.20;42.27;10.00;0.00; 0.00;  5.62;  -0.04;    0.00;        0;ENDLINE;
LINE;6.21;42.33;10.00;0.00; 0.00;  5.62;  -0.04;    0.00;        0;ENDLINE;
LINE;6.22;42.38;10.00;0.00; 0.00;  5.62;  -0.04;    0.00;        0;ENDLINE;
LINE;6.23;42.44;10.00;0.00; 0.00;  5.62;  -0.04;    0.00;        0;ENDLINE;
LINE;6.24;42.50;10.00;0.00; 0.00;  5.62;  -0.04;    0.00;        0;ENDLINE;
LINE;6.25;42.55;10.00;0.00; 0.00;  5.62;  -0.04;    0.00;        0;ENDLINE;
LINE;6.26;42.61;10.00;0.00; 0.00;  5.62;  -0.04;    0.00;        0;ENDLINE;
LINE;6.27;42.67;10.00;0.00; 0.00;  5.62;  -0.04;    0.00;        0;ENDLINE;
LINE;6.28;42.72;10.00;0.00; 0.00;  5.61;  -0.04;    0.00;        0;ENDLINE;
LINE;6.29;42.78;10.00;0.00; 0.00;  5.61;  -0.04;    0.00;        0;ENDLINE;
LINE;6.30;42.83;10.00;0.00; 0.00;  5.61;  -0.04;    0.00;        0;ENDLINE;
LINE;6.31;42.89;10.00;0.00; 0.00;  5.61;  -0.04;    0.00;        0;ENDLINE;
LINE;6.32;42.95;10.00;0.00; 0.00;  5.61;  -0.04;    0.00;        0;ENDLINE;
LINE;6.33;43.00;10.00;0.00; 0.00;  5.61;  -0.04;    0.00;        0;ENDLINE;
LINE;6.34;43.06;10.00;0.00; 0.00;  5.61;  -0.04;    0.00;        0;ENDLINE;
LINE;6.35;43.11;10.00;0.00; 0.00;  5.61;  -0.04;    0.00;        0;ENDLINE;
LINE;6.36;43.17;10.00;0.00; 0.00;  5.61;  -0.04;    0.00;        0;ENDLINE;
LINE;6.37;43.23;10.00;0.00; 0.00;  5.61;  -0.04;    0.00;        0;ENDLINE;
LINE;6.38;43.28;10.00;0.00; 0.00;  5.61;  -0.04;    0.00;        0;ENDLINE;
LINE;6.39;43.34;10.00;0.00; 0.00;  5.61;  -0.04;    0.00;        0;ENDLINE;
LINE;6.40;43.39;10.00;0.00; 0.00;  5.61;  -0.04;    0.00;        0;ENDLINE;
LINE;6.41;43.45;10.00;0.00; 0.00;  5.61;  -0.04;    0.00;        0;ENDLINE;
LINE;6.42;43.51;10.00;0.00; 0.00;  5.61;  -0.04;    0.00;        0;ENDLINE;
LINE;6.43;43.56;10.00;0.00; 0.00;  5.61;  -0.04;    0.00;        0;ENDLINE;
LINE;6.44;43.62;10.00;0.00; 0.00;  5.61;  -0.04;    0.00;        0;ENDLINE;
LINE;6.45;43.68;10.00;0.00; 0.00;  5.61;  -0.04;    0.00;        0;ENDLINE;
LINE;6.46;43.73;10.00;0.00; 0.00;  5.61;  -0.04;    0.00;        0;ENDLINE;
LINE;6.47;43.79;10.00;0.00; 0.00;  5.61;  -0.04;    0.00;        0;ENDLINE;
LINE;6.48;43.84;10.00;0.00; 0.00;  5.61;  -0.04;    0.00;        0;ENDLINE;
LINE;6.49;43.90;10.00;0.00; 0.00;  5.61;  -0.04;    0.00;        0;ENDLINE;
LINE;6.50;43.96;10.00;0.00; 0.00;  5.61;  -0.04;    0.00;        0;ENDLINE;
LINE;6.51;44.01;10.00;0.00; 0.00;  5.61;  -0.04;    0.00;        0;ENDLINE;
LINE;6.52;44.07;10.00;0.00; 0.00;  5.60;  -0.04;    0.00;        0;ENDLINE;
LINE;6.53;44.12;10.00;0.00; 0.00;  5.60;  -0.04;    0.00;        0;ENDLINE;
LINE;6.54;44.18;10.00;0.00; 0.00;  5.60;  -0.04;    0.00;        0;ENDLINE;
LINE;6.55;44.24;10.00;0.00; 0.00;  5.60;  -0.04;    0.00;        0;ENDLINE;
LINE;6.56;44.29;10.00;0.00; 0.00;  5.60;  -0.04;    0.00;        0;ENDLINE;
LINE;6.57;44.35;10.00;0.00; 0.00;  5.60;  -0.04;    0.00;        0;ENDLINE;
LINE;6.58;44.40;10.00;0.00; 0.00;  5.60;  -0.04;    0.00;        0;ENDLINE;
LINE;6.59;44.46;10.00;0.00; 0.00;  5.60;  -0.04;    0.00;        0;ENDLINE;
LINE;6.60;44.52;10.00;0.00; 0.00;  5.60;  -0.04;    0.00;        0;ENDLINE;
LINE;6.61;44.57;10.00;0.00; 0.00;  5.60;  -0.04;    0.00;        0;ENDLINE;
LINE;6.62;44.63;10.00;0.00; 0.00;  5.60;  -0.04;    0.00;        0;ENDLINE;
LINE;6.63;44.68;10.00;0.00; 0.00;  5.60;  -0.04;    0.00;        0;ENDLINE;
LINE;6.64;44.74;10.00;0.00; 0.00;  5.60;  -0.04;    0.00;        0;ENDLINE;
LINE;6.65;44.80;10.00;0.00; 0.00;  5.60;  -0.04;    0.00;        0;ENDLINE;
LINE;6.66;44.85;10.00;0.00; 0.00;  5.60;  -0.04;    0.00;        0;ENDLINE;
LINE;6.67;44.91;10.00;0.00; 0.00;  5.60;  -0.04;    0.00;        0;ENDLINE;
LINE;6.68;44.96;10.00;0.00; 0.00;  5.60;  -0.04;    0.00;        0;ENDLINE;
LINE;6.69;45.02;10.00;0.00; 0.00;  5.60;  -0.04;    0.00;        0;ENDLINE;
LINE;6.70;45.08;10.00;0.00; 0.00;  5.60;  -0.04;    0.00;        0;ENDLINE;
LINE;6.71;45.13;10.00;0.00; 0.00;  5.60;  -0.04;    0.00;        0;ENDLINE;
LINE;6.72;45.19;10.00;0.00; 0.00;  5.60;  -0.04;    0.00;        0;ENDLINE;
LINE;6.73;45.24;10.00;0.00; 0.00;  5.60;  -0.04;    0.00;        0;ENDLINE;
LINE;6.74;45.30;10.00;0.00; 0.00;  5.60;  -0.04;    0.00;        0;ENDLINE;
LINE;6.75;45.36;10.00;0.00; 0.00;  5.60;  -0.05;    0.00;        0;ENDLINE;
LINE;6.76;45.41;10.00;0.00; 0.00;  5.60;  -0.18;    0.00;        0;ENDLINE;
LINE;6.77;45.47;10.00;0.00; 0.00;  5.59;  -0.38;    0.00;        0;ENDLINE;
LINE;6.78;45.52;10.00;0.00; 0.00;  5.59;  -0.53;    0.00;        0;ENDLINE;
LINE;6.79;45.58;10.00;0.00; 0.00;  5.58;  -0.71;    0.00;        0;ENDLINE;
LINE;6.80;45.64;10.00;0.00; 0.00;  5.57;  -0.92;    0.00;        0;ENDLINE;
LINE;6.81;45.69;10.00;0.00; 0.00;  5.56;  -1.08;    0.00;        0;ENDLINE;
LINE;6.82;45.75;10.00;-0.00; 0.00;  5.55;  -1.22;    0.00;        0;ENDLINE;
LINE;6.83;45.80;10.00;-0.00; 0.00;  5.54;  -1.36;    0.00;        0;ENDLINE;
LINE;6.84;45.86;10.00;-0.00; 0.00;  5.53;  -1.50;    0.00;        0;ENDLINE;
LINE;6.85;45.91;10.00;-0.00; 0.00;  5.51;  -1.61;    0.00;        0;ENDLINE;
LINE;6.86;45.97;10.00;-0.00; 0.00;  5.49;  -1.72;    0.00;        0;ENDLINE;
LINE;6.87;46.02;10.00;-0.00; 0.00;  5.48;  -1.83;    0.00;        0;ENDLINE;
LINE;6.88;46.08;10.00;-0.00; 0.00;  5.46;  -1.92;    0.00;        0;ENDLINE;
LINE;6.89;46.13;10.00;-0.00; 0.00;  5.44;  -2.00;    0.00;        0;ENDLINE;
LINE;6.90;46.18;10.00;-0.00; 0.00;  5.42;  -2.09;    0.00;        0;ENDLINE;
LINE;6.91;46.24;10.00;-0.00; 0.00;  5.40;  -2.17;    0.00;        0;ENDLINE;
LINE;6.92;46.29;10.00;-0.00; 0.00;  5.37;  -2.24;    0.00;        0;ENDLINE;
LINE;6.93;46.35;10.00;-0.00; 0.00;  5.35;  -2.30;    0.00;        0;ENDLINE;
LINE;6.94;46.40;10.00;-0.01; 0.00;  5.33;  -2.37;    0.00;        0;ENDLINE;
LINE;6.95;46.45;10.00;-0.01; 0.00;  5.30;  -2.42;    0.00;        0;ENDLINE;
LINE;6.96;46.51;10.00;-0.01; 0.00;  5.28;  -2.48;    0.00;        0;ENDLINE;
LINE;6.97;46.56;10.00;-0.01; 0.00;  5.25;  -2.53;    0.00;        0;ENDLINE;
LINE;6.98;46.61;10.00;-0.01; 0.00;  5.23;  -2.58;    0.00;        0;ENDLINE;
LINE;6.99;46.66;10.00;-0.01; 0.00;  5.20;  -2.62;    0.00;        0;ENDLINE;
LINE;7.00;46.71;10.00;-0.01; 0.00;  5.18;  -2.66;    0.00;        0;ENDLINE;
LINE;7.01;46.77;10.00;-0.01; 0.00;  5.15;  -2.70;    0.00;        0;ENDLINE;
LINE;7.02;46.82;10.00;-0.01; 0.00;  5.12;  -2.73;    0.00;        0;ENDLINE;
LINE;7.03;46.87;10.00;-0.01; 0.00;  5.09;  -2.76;    0.00;        0;ENDLINE;
LINE;7.04;46.92;10.00;-0.01; 0.00;  5.07;  -2.79;    0.00;        0;ENDLINE;
LINE;7.05;46.97;10.00;-0.01; 0.00;  5.04;  -2.83;    0.00;        0;ENDLINE;
LINE;7.06;47.02;10.00;-0.01; 0.00;  5.01;  -2.85;    0.00;        0;ENDLINE;
LINE;7.07;47.07;10.00;-0.01; 0.00;  4.98;  -2.88;    0.00;        0;ENDLINE;
LINE;7.08;47.12;10.00;-0.01; 0.00;  4.95;  -2.90;    0.00;        0;ENDLINE;
LINE;7.09;47.17;10.00;-0.01; 0.00;  4.92;  -2.93;    0.00;        0;ENDLINE;
LINE;7.10;47.22;10.00;-0.01; 0.00;  4.89;  -2.95;    0.00;        0;ENDLINE;
LINE;7.11;47.27;10.00;-0.01; 0.00;  4.86;  -2.97;    0.00;        0;ENDLINE;
LINE;7.12;47.31;10.00;-0.01; 0.00;  4.84;  -2.99;    0.00;        0;ENDLINE;
LINE;7.13;47.36;10.00;-0.01; 0.00;  4.81;  -3.00;    0.00;        0;ENDLINE;
LINE;7.14;47.41;10.00;-0.01; 0.00;  4.78;  -3.02;    0.00;        0;ENDLINE;
LINE;7.15;47.46;10.00;-0.01; 0.00;  4.74;  -3.03;    0.00;        0;ENDLINE;
LINE;7.16;47.51;10.00;-0.01; 0.00;  4.71;  -3.05;    0.00;        0;ENDLINE;
LINE;7.17;47.55;10.00;-0.01; 0.00;  4.68;  -3.06;    0.00;        0;ENDLINE;
LINE;7.18;47.60;10.00;-0.01; 0.00;  4.65;  -3.07;    0.00;        0;ENDLINE;
LINE;7.19;47.65;10.00;-0.01; 0.00;  4.62;  -3.08;    0.00;        0;ENDLINE;
LINE;7.20;47.69;10.00;-0.01; 0.00;  4.59;  -3.09;    0.00;        0;ENDLINE;
LINE;7.21;47.74;10.00;-0.01; 0.00;  4.56;  -3.10;    0.00;        0;ENDLINE;
LINE;7.22;47.78;10.00;-0.01; 0.00;  4.53;  -3.11;    0.00;        0;ENDLINE;
LINE;7.23;47.83;10.00;-0.01; 0.00;  4.50;  -3.12;    0.00;        0;ENDLINE;
LINE;7.24;47.87;10.00;-0.01; 0.00;  4.47;  -3.13;    0.00;        0;ENDLINE;
LINE;7.25;47.92;10.00;-0.01; 0.00;  4.44;  -3.14;    0.00;        0;ENDLINE;
LINE;7.26;47.96;10.00;-0.01; 0.00;  4.40;  -3.14;    0.00;        0;ENDLINE;
LINE;7.27;48.01;10.00;-0.01; 0.00;  4.37;  -3.15;    0.00;        0;ENDLINE;
LINE;7.28;48.05;10.00;-0.01; 0.00;  4.34;  -3.15;    0.00;        0;ENDLINE;
LINE;7.29;48.09;10.00;-0.01; 0.00;  4.31;  -3.16;    0.00;        0;ENDLINE;
LINE;7.30;48.14;10.00;-0.01; 0.00;  4.28;  -3.16;    0.00;        0;ENDLINE;
LINE;7.31;48.18;10.00;-0.01; 0.00;  4.25;  -3.17;    0.00;        0;ENDLINE;
LINE;7.32;48.22;10.00;-0.01; 0.00;  4.21;  -3.17;    0.00;        0;ENDLINE;
LINE;7.33;48.26;10.00;-0.01; 0.00;  4.18;  -3.18;    0.00;        0;ENDLINE;
LINE;7.34;48.30;10.00;-0.01; 0.00;  4.15;  -3.18;    0.00;        0;ENDLINE;
LINE;7.35;48.35;10.00;-0.01; 0.00;  4.12;  -3.18;    0.00;        0;ENDLINE;
LINE;7.36;48.39;10.00;-0.01; 0.00;  4.09;  -3.19;    0.00;        0;ENDLINE;
LINE;7.37;48.43;10.00;-0.01; 0.00;  4.06;  -3.19;    0.00;        0;ENDLINE;
LINE;7.38;48.47;10.00;-0.01; 0.00;  4.02;  -3.19;    0.00;        0;ENDLINE;
LINE;7.39;48.51;10.00;-0.01; 0.00;  3.99;  -3.19;    0.00;        0;ENDLINE;
LINE;7.40;48.55;10.00;-0.01; 0.00;  3.96;  -3.20;    0.00;        0;ENDLINE;
LINE;7.41;48.59;10.00;-0.01; 0.00;  3.93;  -3.22;    0.00;        0;ENDLINE;
LINE;7.42;48.63;10.00;-0.01; 0.00;  3.90;  -3.23;    0.00;        0;ENDLINE;
LINE;7.43;48.66;10.00;-0.01; 0.00;  3.86;  -3.24;    0.00;        0;ENDLINE;
LINE;7.44;48.70;10.00;-0.01; 0.00;  3.83;  -3.25;    0.00;        0;ENDLINE;
LINE;7.45;48.74;10.00;-0.01; 0.00;  3.80;  -3.25;    0.00;        0;ENDLINE;
LINE;7.46;48.78;10.00;-0.01; 0.00;  3.77;  -3.26;    0.00;        0;ENDLINE;
LINE;7.47;48.82;10.00;-0.01; 0.00;  3.73;  -3.26;    0.00;        0;ENDLINE;
LINE;7.48;48.85;10.00;-0.01; 0.00;  3.70;  -3.27;    0.00;        0;ENDLINE;
LINE;7.49;48.89;10.00;-0.01; 0.00;  3.67;  -3.28;    0.00;        0;ENDLINE;
LINE;7.50;48.93;10.00;-0.01; 0.00;  3.63;  -3.28;    0.00;        0;ENDLINE;
LINE;7.51;48.96;10.00;-0.01; 0.00;  3.60;  -3.29;    0.00;        0;ENDLINE;
LINE;7.52;49.00;10.00;-0.01; 0.00;  3.57;  -3.29;    0.00;        0;ENDLINE;
LINE;7.53;49.03;10.00;-0.01; 0.00;  3.54;  -3.29;    0.00;        0;ENDLINE;
LINE;7.54;49.07;10.00;-0.01; 0.00;  3.50;  -3.29;    0.00;        0;ENDLINE;
LINE;7.55;49.10;10.00;-0.01; 0.00;  3.47;  -3.30;    0.00;        0;ENDLINE;
LINE;7.56;49.14;10.00;-0.01; 0.00;  3.44;  -3.30;    0.00;        0;ENDLINE;
LINE;7.57;49.17;10.00;-0.01; 0.00;  3.40;  -3.30;    0.00;        0;ENDLINE;
LINE;7.58;49.21;10.00;-0.01; 0.00;  3.37;  -3.30;    0.00;        0;ENDLINE;
LINE;7.59;49.24;10.00;-0.01; 0.00;  3.34;  -3.30;    0.00;        0;ENDLINE;
LINE;7.60;49.27;10.00;-0.01; 0.00;  3.31;  -3.30;    0.00;        0;ENDLINE;
LINE;7.61;49.31;10.00;-0.01; 0.00;  3.27;  -3.30;    0.00;        0;ENDLINE;
LINE;7.62;49.34;10.00;-0.01; 0.00;  3.24;  -3.28;    0.00;        0;ENDLINE;
LINE;7.63;49.37;10.00;-0.01; 0.00;  3.21;  -3.27;    0.00;        0;ENDLINE;
LINE;7.64;49.40;10.00;-0.01; 0.00;  3.17;  -3.26;    0.00;        0;ENDLINE;
LINE;7.65;49.43;10.00;-0.01; 0.00;  3.14;  -3.26;    0.00;        0;ENDLINE;
LINE;7.66;49.47;10.00;-0.01; 0.00;  3.11;  -3.25;    0.00;        0;ENDLINE;
LINE;7.67;49.50;10.00;-0.01; 0.00;  3.08;  -3.25;    0.00;        0;ENDLINE;
LINE;7.68;49.53;10.00;-0.01; 0.00;  3.04;  -3.24;    0.00;        0;ENDLINE;
LINE;7.69;49.56;10.00;-0.01; 0.00;  3.01;  -3.23;    0.00;        0;ENDLINE;
LINE;7.70;49.59;10.00;-0.01; 0.00;  2.98;  -3.23;    0.00;        0;ENDLINE;
LINE;7.71;49.62;10.00;-0.01; 0.00;  2.95;  -3.22;    0.00;        0;ENDLINE;
LINE;7.72;49.65;10.00;-0.01; 0.00;  2.91;  -3.21;    0.00;        0;ENDLINE;
LINE;7.73;49.68;10.00;-0.01; 0.00;  2.88;  -3.21;    0.00;        0;ENDLINE;
LINE;7.74;49.70;10.00;-0.01; 0.00;  2.85;  -3.20;    0.00;        0;ENDLINE;
LINE;7.75;49.73;10.00;-0.01; 0.00;  2.82;  -3.20;    0.00;        0;ENDLINE;
LINE;7.76;49.76;10.00;-0.01; 0.00;  2.79;  -3.19;    0.00;        0;ENDLINE;
LINE;7.77;49.79;10.00;-0.01; 0.00;  2.75;  -3.18;    0.00;        0;ENDLINE;
LINE;7.78;49.82;10.00;-0.01; 0.00;  2.72;  -3.18;    0.00;        0;ENDLINE;
LINE;7.79;49.84;10.00;-0.01; 0.00;  2.69;  -3.17;    0.00;        0;ENDLINE;
LINE;7.80;49.87;10.00;-0.01; 0.00;  2.66;  -3.17;    0.00;        0;ENDLINE;
LINE;7.81;49.90;10.00;-0.01; 0.00;  2.63;  -3.16;    0.00;        0;ENDLINE;
LINE;7.82;49.92;10.00;-0.01; 0.00;  2.60;  -3.15;    0.00;        0;ENDLINE;
LINE;7.83;49.95;10.00;-0.01; 0.00;  2.56;  -3.14;    0.00;        0;ENDLINE;
LINE;7.84;49.97;10.00;-0.01; 0.00;  2.53;  -3.12;    0.00;        0;ENDLINE;
LINE;7.85;50.00;10.00;-0.01; 0.00;  2.50;  -3.09;    0.00;        0;ENDLINE;
LINE;7.86;50.02;10.00;-0.01; 0.00;  2.47;  -3.07;    0.00;        0;ENDLINE;
LINE;7.87;50.05;10.00;-0.01; 0.00;  2.44;  -3.05;    0.00;        0;ENDLINE;
LINE;7.88;50.07;10.00;-0.01; 0.00;  2.41;  -3.04;    0.00;        0;ENDLINE;
LINE;7.89;50.10;10.00;-0.01; 0.00;  2.38;  -3.04;    0.00;        0;ENDLINE;
LINE;7.90;50.12;10.00;-0.01; 0.00;  2.35;  -3.04;    0.00;        0;ENDLINE;
LINE;7.91;50.14;10.00;-0.01; 0.00;  2.32;  -3.03;    0.00;        0;ENDLINE;
LINE;7.92;50.17;10.00;-0.01; 0.00;  2.29;  -3.01;    0.00;        0;ENDLINE;
LINE;7.93;50.19;10.00;-0.01; 0.00;  2.26;  -2.98;    0.00;        0;ENDLINE;
LINE;7.94;50.21;10.00;-0.01; 0.00;  2.23;  -2.96;    0.00;        0;ENDLINE;
LINE;7.95;50.23;10.00;-0.01; 0.00;  2.20;  -2.94;    0.00;        0;ENDLINE;
LINE;7.96;50.26;10.00;-0.01; 0.00;  2.17;  -2.93;    0.00;        0;ENDLINE;
LINE;7.97;50.28;10.00;-0.01; 0.00;  2.14;  -2.93;    0.00;        0;ENDLINE;
LINE;7.98;50.30;10.00;-0.01; 0.00;  2.11;  -2.92;    0.00;        0;ENDLINE;
LINE;7.99;50.32;10.00;-0.01; 0.00;  2.08;  -2.91;    0.00;        0;ENDLINE;
LINE;8.00;50.34;10.00;-0.01; 0.00;  2.05;  -2.89;    0.00;        0;ENDLINE;
LINE;8.01;50.36;10.00;-0.01; 0.00;  2.02;  -2.88;    0.00;        0;ENDLINE;
LINE;8.02;50.38;10.00;-0.01; 0.00;  2.00;  -2.87;    0.00;        0;ENDLINE;
LINE;8.03;50.40;10.00;-0.01; 0.00;  1.97;  -2.86;    0.00;        0;ENDLINE;
LINE;8.04;50.42;10.00;-0.01; 0.00;  1.94;  -2.85;    0.00;        0;ENDLINE;
LINE;8.05;50.44;10.00;-0.01; 0.00;  1.91;  -2.84;    0.00;        0;ENDLINE;
LINE;8.06;50.46;10.00;-0.01; 0.00;  1.88;  -2.83;    0.00;        0;ENDLINE;
LINE;8.07;50.48;10.00;-0.01; 0.00;  1.85;  -2.82;    0.00;        0;ENDLINE;
LINE;8.08;50.49;10.00;-0.01; 0.00;  1.83;  -2.81;    0.00;        0;ENDLINE;
LINE;8.09;50.51;10.00;-0.01; 0.00;  1.80;  -2.79;    0.00;        0;ENDLINE;
LINE;8.10;50.53;10.00;-0.01; 0.00;  1.77;  -2.78;    0.00;        0;ENDLINE;
LINE;8.11;50.55;10.00;-0.01; 0.00;  1.74;  -2.78;    0.00;        0;ENDLINE;
LINE;8.12;50.57;10.00;-0.01; 0.00;  1.71;  -2.77;    0.00;        0;ENDLINE;
LINE;8.13;50.58;10.00;-0.01; 0.00;  1.69;  -2.76;    0.00;        0;ENDLINE;
LINE;8.14;50.60;10.00;-0.01; 0.00;  1.66;  -2.75;    0.00;        0;ENDLINE;
LINE;8.15;50.62;10.00;-0.01; 0.00;  1.63;  -2.73;    0.00;        0;ENDLINE;
LINE;8.16;50.63;10.00;-0.01; 0.00;  1.60;  -2.72;    0.00;        0;ENDLINE;
LINE;8.17;50.65;10.00;-0.01; 0.00;  1.58;  -2.71;    0.00;        0;ENDLINE;
LINE;8.18;50.66;10.00;-0.01; 0.00;  1.55;  -2.70;    0.00;        0;ENDLINE;
LINE;8.19;50.68;10.00;-0.01; 0.00;  1.52;  -2.70;    0.00;        0;ENDLINE;
LINE;8.20;50.69;10.00;-0.01; 0.00;  1.50;  -2.70;    0.00;        0;ENDLINE;
LINE;8.21;50.71;10.00;-0.01; 0.00;  1.47;  -2.69;    0.00;        0;ENDLINE;
LINE;8.22;50.72;10.00;-0.01; 0.00;  1.44;  -2.68;    0.00;        0;ENDLINE;
LINE;8.23;50.74;10.00;-0.01; 0.00;  1.42;  -2.67;    0.00;        0;ENDLINE;
LINE;8.24;50.75;10.00;-0.01; 0.00;  1.39;  -2.66;    0.00;        0;ENDLINE;
LINE;8.25;50.77;10.00;-0.01; 0.00;  1.36;  -2.65;    0.00;        0;ENDLINE;
LINE;8.26;50.78;10.00;-0.01; 0.00;  1.34;  -2.65;    0.00;        0;ENDLINE;
LINE;8.27;50.79;10.00;-0.01; 0.00;  1.31;  -2.64;    0.00;        0;ENDLINE;
LINE;8.28;50.80;10.00;-0.01; 0.00;  1.28;  -2.63;    0.00;        0;ENDLINE;
LINE;8.29;50.82;10.00;-0.01; 0.00;  1.26;  -2.62;    0.00;        0;ENDLINE;
LINE;8.30;50.83;10.00;-0.01; 0.00;  1.23;  -2.61;    0.00;        0;ENDLINE;
LINE;8.31;50.84;10.00;-0.01; 0.00;  1.20;  -2.60;    0.00;        0;ENDLINE;
LINE;8.32;50.85;10.00;-0.01; 0.00;  1.18;  -2.60;    0.00;        0;ENDLINE;
LINE;8.33;50.87;10.00;-0.01; 0.00;  1.15;  -2.59;    0.00;        0;ENDLINE;
LINE;8.34;50.88;10.00;-0.01; 0.00;  1.13;  -2.58;    0.00;        0;ENDLINE;
LINE;8.35;50.89;10.00;-0.01; 0.00;  1.10;  -2.57;    0.00;        0;ENDLINE;
LINE;8.36;50.90;10.00;-0.01; 0.00;  1.08;  -2.56;    0.00;        0;ENDLINE;
LINE;8.37;50.91;10.00;-0.01; 0.00;  1.05;  -2.55;    0.00;        0;ENDLINE;
LINE;8.38;50.92;10.00;-0.01; 0.00;  1.02;  -2.54;    0.00;        0;ENDLINE;
LINE;8.39;50.93;10.00;-0.01; 0.00;  1.00;  -2.53;    0.00;        0;ENDLINE;
LINE;8.40;50.94;10.00;-0.01; 0.00;  0.97;  -2.52;    0.00;        0;ENDLINE;
LINE;8.41;50.95;10.00;-0.01; 0.00;  0.95;  -2.51;    0.00;        0;ENDLINE;
LINE;8.42;50.96;10.00;-0.01; 0.00;  0.92;  -2.51;    0.00;        0;ENDLINE;
LINE;8.43;50.97;10.00;-0.01; 0.00;  0.90;  -2.50;    0.00;        0;ENDLINE;
LINE;8.44;50.98;10.00;-0.01; 0.00;  0.87;  -2.49;    0.00;        0;ENDLINE;
LINE;8.45;50.99;10.00;-0.01; 0.00;  0.85;  -2.48;    0.00;        0;ENDLINE;
LINE;8.46;50.99;10.00;-0.01; 0.00;  0.82;  -2.47;    0.00;        0;ENDLINE;
LINE;8.47;51.00;10.00;-0.01; 0.00;  0.80;  -2.46;    0.00;        0;ENDLINE;
LINE;8.48;51.01;10.00;-0.01; 0.00;  0.77;  -2.45;    0.00;        0;ENDLINE;
LINE;8.49;51.02;10.00;-0.01; 0.00;  0.75;  -2.44;    0.00;        0;ENDLINE;
LINE;8.50;51.02;10.00;-0.01; 0.00;  0.73;  -2.43;    0.00;        0;ENDLINE;
LINE;8.51;51.03;10.00;-0.01; 0.00;  0.70;  -2.42;    0.00;        0;ENDLINE;
LINE;8.52;51.04;10.00;-0.01; 0.00;  0.68;  -2.41;    0.00;        0;ENDLINE;
LINE;8.53;51.05;10.00;-0.01; 0.00;  0.65;  -2.40;    0.00;        0;ENDLINE;
LINE;8.54;51.05;10.00;-0.01; 0.00;  0.63;  -2.39;    0.00;        0;ENDLINE;
LINE;8.55;51.06;10.00;-0.01; 0.00;  0.61;  -2.38;    0.00;        0;ENDLINE;
LINE;8.56;51.06;10.00;-0.01; 0.00;  0.58;  -2.37;    0.00;        0;ENDLINE;
LINE;8.57;51.07;10.00;-0.01; 0.00;  0.56;  -2.36;    0.00;        0;ENDLINE;
LINE;8.58;51.08;10.00;-0.01; 0.00;  0.53;  -2.35;    0.00;        0;ENDLINE;
LINE;8.59;51.08;10.00;-0.01; 0.00;  0.51;  -2.34;    0.00;        0;ENDLINE;
LINE;8.60;51.09;10.00;-0.01; 0.00;  0.49;  -2.33;    0.00;        0;ENDLINE;
LINE;8.61;51.09;10.00;-0.01; 0.00;  0.46;  -2.32;    0.00;        0;ENDLINE;
LINE;8.62;51.09;10.00;-0.01; 0.00;  0.44;  -2.31;    0.00;        0;ENDLINE;
LINE;8.63;51.10;10.00;-0.01; 0.00;  0.42;  -2.30;    0.00;        0;ENDLINE;
LINE;8.64;51.10;10.00;-0.01; 0.00;  0.40;  -2.29;    0.00;        0;ENDLINE;
LINE;8.65;51.11;10.00;-0.01; 0.00;  0.37;  -2.28;    0.00;        0;ENDLINE;
LINE;8.66;51.11;10.00;-0.01; 0.00;  0.35;  -2.27;    0.00;        0;ENDLINE;
LINE;8.67;51.11;10.00;-0.01; 0.00;  0.33;  -2.26;    0.00;        0;ENDLINE;
LINE;8.68;51.12;10.00;-0.01; 0.00;  0.30;  -2.25;    0.00;        0;ENDLINE;
LINE;8.69;51.12;10.00;-0.01; 0.00;  0.28;  -2.25;    0.00;        0;ENDLINE;
LINE;8.70;51.12;10.00;-0.01; 0.00;  0.26;  -2.24;    0.00;        0;ENDLINE;
LINE;8.71;51.13;10.00;-0.01; 0.00;  0.24;  -2.23;    0.00;        0;ENDLINE;
LINE;8.72;51.13;10.00;-0.01; 0.00;  0.22;  -2.22;    0.00;        0;ENDLINE;
LINE;8.73;51.13;10.00;-0.01; 0.00;  0.19;  -2.21;    0.00;        0;ENDLINE;
LINE;8.74;51.13;10.00;-0.01; 0.00;  0.17;  -2.20;    0.00;        0;ENDLINE;
LINE;8.75;51.13;10.00;-0.01; 0.00;  0.15;  -2.19;    0.00;        0;ENDLINE;
LINE;8.76;51.13;10.00;-0.01; 0.00;  0.13;  -2.19;    0.00;        0;ENDLINE;
LINE;8.77;51.14;10.00;-0.01; 0.00;  0.11;  -2.18;    0.00;        0;ENDLINE;
LINE;8.78;51.14;10.00;-0.01; 0.00;  0.08;  -2.17;    0.00;        0;ENDLINE;
LINE;8.79;51.14;10.00;-0.01; 0.00;  0.06;  -2.16;    0.00;        0;ENDLINE;
LINE;8.80;51.14;10.00;-0.01; 0.00;  0.04;  -2.11;    0.00;        0;ENDLINE;
LINE;8.81;51.14;10.00;-0.01; 0.00;  0.02;  -1.85;    0.00;        0;ENDLINE;
LINE;8.82;51.14;10.00;-0.00; 0.00;  0.01;  -0.92;    0.00;        0;ENDLINE;
LINE;8.83;51.14;10.00;-0.00; 0.00;  0.00;  -0.48;    0.00;        0;ENDLINE;
LINE;8.84;51.14;10.00;-0.00; 0.00;  0.00;  -0.34;    0.00;        0;ENDLINE;
LINE;8.85;51.14;10.00;-0.00; 0.00;  0.00;  -0.21;    0.00;        0;ENDLINE;
LINE;8.86;51.14;10.00;-0.00; 0.00;  0.00;  -0.11;    0.00;        0;ENDLINE;
LINE;8.87;51.14;10.00;-0.00; 0.00; -0.01;  -0.05;    0.00;        0;ENDLINE;
LINE;8.88;51.14;10.00;-0.00; 0.00; -0.01;  -0.02;    0.00;        0;ENDLINE;
LINE;8.89;51.14;10.00;-0.00; 0.00; -0.01;   0.01;    0.00;        0;ENDLINE;
LINE;8.90;51.14;10.00;-0.00; 0.00; -0.01;   0.03;    0.00;        0;ENDLINE;
LINE;8.91;51.14;10.00;-0.00; 0.00; -0.01;   0.05;    0.00;        0;ENDLINE;
LINE;8.92;51.14;10.00;-0.00; 0.00; -0.01;   0.05;    0.00;        0;ENDLINE;
LINE;8.93;51.14;10.00;0.00; 0.00;  0.00;   0.05;    0.00;        0;ENDLINE;
LINE;8.94;51.14;10.00;0.00; 0.00;  0.00;   0.06;    0.00;        0;ENDLINE;
LINE;8.95;51.14;10.00;0.00; 0.00;  0.00;   0.06;    0.00;        0;ENDLINE;
LINE;8.96;51.14;10.00;0.00; 0.00;  0.00;   0.06;    0.00;        0;ENDLINE;
LINE;8.97;51.14;10.00;0.00; 0.00;  0.00;   0.06;    0.00;        0;ENDLINE;
LINE;8.98;51.14;10.00;0.00; 0.00;  0.00;   0.07;    0.00;        0;ENDLINE;
LINE;8.99;51.14;10.00;0.00; 0.00;  0.00;   0.07;    0.00;        0;ENDLINE;
LINE;9.00;51.14;10.00;0.00; 0.00;  0.00;   0.08;    0.00;        0;ENDLINE;
LINE;9.01;51.14;10.00;0.00; 0.00;  0.00;   0.09;    0.00;        0;ENDLINE;
LINE;9.02;51.14;10.00;0.00; 0.00;  0.00;   0.09;    0.00;        0;ENDLINE;
LINE;9.03;51.14;10.00;0.00; 0.00;  0.00;   0.10;    0.00;        0;ENDLINE;
LINE;9.04;51.14;10.00;0.00; 0.00;  0.00;   0.10;    0.00;        0;ENDLINE;
LINE;9.05;51.14;10.00;0.00; 0.00;  0.00;   0.11;    0.00;        0;ENDLINE;
LINE;9.06;51.14;10.00;0.00; 0.00;  0.00;   0.11;    0.00;        0;ENDLINE;
LINE;9.07;51.14;10.00;0.00; 0.00;  0.00;   0.11;    0.00;        0;ENDLINE;
LINE;9.08;51.14;10.00;0.00; 0.00;  0.00;   0.10;    0.00;        0;ENDLINE;
LINE;9.09;51.14;10.00;0.00; 0.00;  0.00;   0.09;    0.00;        0;ENDLINE;
LINE;9.10;51.14;10.00;0.00; 0.00;  0.00;   0.08;    0.00;        0;ENDLINE;
LINE;9.11;51.14;10.00;0.00; 0.00;  0.01;   0.07;    0.00;        0;ENDLINE;
LINE;9.12;51.14;10.00;0.00; 0.00;  0.01;   0.05;    0.00;        0;ENDLINE;
LINE;9.13;51.14;10.00;0.00; 0.00;  0.01;   0.03;    0.00;        0;ENDLINE;
LINE;9.14;51.14;10.00;0.00; 0.00;  0.01;   0.02;    0.00;        0;ENDLINE;
LINE;9.15;51.14;10.00;0.00; 0.00;  0.01;   0.00;    0.00;        0;ENDLINE;
LINE;9.16;51.14;10.00;0.00; 0.00;  0.01;  -0.02;    0.00;        0;ENDLINE;
LINE;9.17;51.14;10.00;0.00; 0.00;  0.01;  -0.04;    0.00;        0;ENDLINE;
LINE;9.18;51.14;10.00;0.00; 0.00;  0.01;  -0.06;    0.00;        0;ENDLINE;
LINE;9.19;51.14;10.00;0.00; 0.00;  0.01;  -0.07;    0.00;        0;ENDLINE;
LINE;9.20;51.14;10.00;0.00; 0.00;  0.00;  -0.08;    0.00;        0;ENDLINE;
LINE;9.21;51.14;10.00;-0.00; 0.00;  0.00;  -0.09;    0.00;        0;ENDLINE;
LINE;9.22;51.14;10.00;-0.00; 0.00;  0.00;  -0.09;    0.00;        0;ENDLINE;
LINE;9.23;51.14;10.00;-0.00; 0.00;  0.00;  -0.09;    0.00;        0;ENDLINE;
LINE;9.24;51.14;10.00;-0.00; 0.00;  0.00;  -0.09;    0.00;        0;ENDLINE;
LINE;9.25;51.14;10.00;-0.00; 0.00;  0.00;  -0.08;    0.00;        0;ENDLINE;
LINE;9.26;51.14;10.00;-0.00; 0.00;  0.00;  -0.07;    0.00;        0;ENDLINE;
LINE;9.27;51.14;10.00;-0.00; 0.00;  0.00;  -0.06;    0.00;        0;ENDLINE;
LINE;9.28;51.14;10.00;-0.00; 0.00;  0.00;  -0.05;    0.00;        0;ENDLINE;
LINE;9.29;51.14;10.00;-0.00; 0.00;  0.00;  -0.04;    0.00;        0;ENDLINE;
LINE;9.30;51.14;10.00;-0.00; 0.00;  0.00;  -0.03;    0.00;        0;ENDLINE;
LINE;9.31;51.14;10.00;-0.00; 0.00;  0.00;  -0.02;    0.00;        0;ENDLINE;
LINE;9.32;51.14;10.00;-0.00; 0.00;  0.00;   0.00;    0.00;        0;ENDLINE;
LINE;9.33;51.14;10.00;-0.00; 0.00;  0.00;   0.00;    0.00;        0;ENDLINE;
LINE;9.34;51.14;10.00;-0.00; 0.00;  0.00;   0.01;    0.00;        0;ENDLINE;
LINE;9.35;51.14;10.00;-0.00; 0.00;  0.00;   0.01;    0.00;        0;ENDLINE;
LINE;9.36;51.14;10.00;-0.00; 0.00;  0.00;   0.02;    0.00;        0;ENDLINE;
LINE;9.37;51.14;10.00;0.00; 0.00;  0.00;   0.02;    0.00;        0;ENDLINE;
LINE;9.38;51.14;10.00;0.00; 0.00;  0.00;   0.02;    0.00;        0;ENDLINE;
LINE;9.39;51.14;10.00;0.00; 0.00;  0.00;   0.02;    0.00;        0;ENDLINE;
LINE;9.40;51.14;10.00;0.00; 0.00;  0.00;   0.02;    0.00;        0;ENDLINE;
LINE;9.41;51.14;10.00;0.00; 0.00;  0.00;   0.02;    0.00;        0;ENDLINE;
LINE;9.42;51.14;10.00;0.00; 0.00;  0.00;   0.02;    0.00;        0;ENDLINE;
LINE;9.43;51.14;10.00;0.00; 0.00;  0.00;   0.02;    0.00;        0;ENDLINE;
LINE;9.44;51.14;10.00;0.00; 0.00;  0.00;   0.02;    0.00;        0;ENDLINE;
LINE;9.45;51.14;10.00;0.00; 0.00;  0.00;   0.02;    0.00;        0;ENDLINE;
LINE;9.46;51.14;10.00;0.00; 0.00;  0.00;   0.02;    0.00;        0;ENDLINE;
LINE;9.47;51.14;10.00;0.00; 0.00;  0.00;   0.01;    0.00;        0;ENDLINE;
LINE;9.48;51.14;10.00;0.00; 0.00;  0.00;   0.01;    0.00;        0;ENDLINE;
LINE;9.49;51.14;10.00;0.00; 0.00;  0.00;   0.01;    0.00;        0;ENDLINE;
LINE;9.50;51.14;10.00;0.00; 0.00;  0.00;   0.01;    0.00;        0;ENDLINE;
LINE;9.51;51.14;10.00;0.00; 0.00;  0.00;   0.01;    0.00;        0;ENDLINE;
LINE;9.52;51.14;10.00;0.00; 0.00;  0.00;   0.01;    0.00;        0;ENDLINE;
LINE;9.53;51.14;10.00;0.00; 0.00;  0.00;   0.01;    0.00;        0;ENDLINE;
LINE;9.54;51.14;10.00;0.00; 0.00;  0.00;   0.01;    0.00;        0;ENDLINE;
LINE;9.55;51.14;10.00;0.00; 0.00;  0.00;   0.01;    0.00;        0;ENDLINE;
LINE;9.56;51.14;10.00;0.00; 0.00;  0.00;   0.01;    0.00;        0;ENDLINE;
LINE;9.57;51.14;10.00;0.00; 0.00;  0.00;   0.01;    0.00;        0;ENDLINE;
LINE;9.58;51.14;10.00;0.00; 0.00;  0.00;   0.01;    0.00;        0;ENDLINE;
LINE;9.59;51.14;10.00;0.00; 0.00;  0.00;   0.01;    0.00;        0;ENDLINE;
LINE;9.60;51.14;10.00;0.00; 0.00;  0.00;   0.01;    0.00;        0;ENDLINE;
LINE;9.61;51.14;10.00;0.00; 0.00;  0.00;   0.00;    0.00;        0;ENDLINE;
LINE;9.62;51.14;10.00;0.00; 0.00;  0.00;   0.00;    0.00;        0;ENDLINE;
LINE;9.63;51.14;10.00;0.00; 0.00;  0.00;   0.00;    0.00;        0;ENDLINE;
LINE;9.64;51.14;10.00;0.00; 0.00;  0.00;   0.00;    0.00;        0;ENDLINE;
LINE;9.65;51.14;10.00;0.00; 0.00;  0.00;   0.00;    0.00;        0;ENDLINE;
LINE;9.66;51.14;10.00;0.00; 0.00;  0.00;   0.00;    0.00;        0;ENDLINE;
LINE;9.67;51.14;10.00;0.00; 0.00;  0.00;   0.00;    0.00;        0;ENDLINE;
LINE;9.68;51.14;10.00;0.00; 0.00;  0.00;   0.00;    0.00;        0;ENDLINE;
LINE;9.69;51.14;10.00;0.00; 0.00;  0.00;   0.00;    0.00;        0;ENDLINE;
LINE;9.70;51.14;10.00;0.00; 0.00;  0.00;   0.00;    0.00;        0;ENDLINE;
LINE;9.71;51.14;10.00;0.00; 0.00;  0.00;   0.00;    0.00;        0;ENDLINE;
LINE;9.72;51.14;10.00;0.00; 0.00;  0.00;   0.00;    0.00;        0;ENDLINE;
LINE;9.73;51.14;10.00;0.00; 0.00;  0.00;   0.00;    0.00;        0;ENDLINE;
LINE;9.74;51.14;10.00;0.00; 0.00;  0.00;   0.00;    0.00;        0;ENDLINE;
LINE;9.75;51.14;10.00;0.00; 0.00;  0.00;   0.00;    0.00;        0;ENDLINE;
LINE;9.76;51.14;10.00;0.00; 0.00;  0.00;   0.00;    0.00;        0;ENDLINE;
LINE;9.77;51.14;10.00;0.00; 0.00;  0.00;   0.00;    0.00;        0;ENDLINE;
LINE;9.78;51.14;10.00;0.00; 0.00;  0.00;   0.00;    0.00;        0;ENDLINE;
LINE;9.79;51.14;10.00;0.00; 0.00;  0.00;   0.00;    0.00;        0;ENDLINE;
LINE;9.80;51.14;10.00;0.00; 0.00;  0.00;   0.00;    0.00;        0;ENDLINE;
LINE;9.81;51.14;10.00;0.00; 0.00;  0.00;   0.00;    0.00;        0;ENDLINE;
LINE;9.82;51.14;10.00;0.00; 0.00;  0.00;   0.00;    0.00;        0;ENDLINE;
LINE;9.83;51.14;10.00;0.00; 0.00;  0.00;   0.00;    0.00;        0;ENDLINE;
LINE;9.84;51.14;10.00;0.00; 0.00;  0.00;   0.00;    0.00;        0;ENDLINE;
LINE;9.85;51.14;10.00;0.00; 0.00;  0.00;   0.00;    0.00;        0;ENDLINE;
LINE;9.86;51.14;10.00;0.00; 0.00;  0.00;   0.00;    0.00;        0;ENDLINE;
LINE;9.87;51.14;10.00;0.00; 0.00;  0.00;   0.00;    0.00;        0;ENDLINE;
LINE;9.88;51.14;10.00;0.00; 0.00;  0.00;   0.00;    0.00;        0;ENDLINE;
LINE;9.89;51.14;10.00;0.00; 0.00;  0.00;   0.00;    0.00;        0;ENDLINE;
LINE;9.90;51.14;10.00;0.00; 0.00;  0.00;   0.00;    0.00;        0;ENDLINE;
LINE;9.91;51.14;10.00;0.00; 0.00;  0.00;   0.00;    0.00;        0;ENDLINE;
LINE;9.92;51.14;10.00;0.00; 0.00;  0.00;   0.00;    0.00;        0;ENDLINE;
LINE;9.93;51.14;10.00;0.00; 0.00;  0.00;   0.00;    0.00;        0;ENDLINE;
LINE;9.94;51.14;10.00;0.00; 0.00;  0.00;   0.00;    0.00;        0;ENDLINE;
LINE;9.95;51.14;10.00;0.00; 0.00;  0.00;   0.00;    0.00;        0;ENDLINE;
LINE;9.96;51.14;10.00;0.00; 0.00;  0.00;   0.00;    0.00;        0;ENDLINE;
LINE;9.97;51.14;10.00;0.00; 0.00;  0.00;   0.00;    0.00;        0;ENDLINE;
LINE;9.98;51.14;10.00;0.00; 0.00;  0.00;   0.00;    0.00;        0;ENDLINE;
LINE;9.99;51.14;10.00;0.00; 0.00;  0.00;   0.00;    0.00;        0;ENDLINE;
LINE;10.00;51.14;10.00;0.00; 0.00;  0.00;   0.00;    0.00;        0;ENDLINE;
LINE;10.01;51.14;10.00;0.00; 0.00;  0.00;   0.00;    0.00;        0;ENDLINE;
LINE;10.02;51.14;10.00;0.00; 0.00;  0.00;   0.00;    0.00;        0;ENDLINE;
LINE;10.03;51.14;10.00;0.00; 0.00;  0.00;   0.00;    0.00;        0;ENDLINE;
LINE;10.04;51.14;10.00;0.00; 0.00;  0.00;   0.00;    0.00;        0;ENDLINE;
LINE;10.05;51.14;10.00;0.00; 0.00;  0.00;   0.00;    0.00;        0;ENDLINE;
LINE;10.06;51.14;10.00;0.00; 0.00;  0.00;   0.00;    0.00;        0;ENDLINE;
LINE;10.07;51.14;10.00;0.00; 0.00;  0.00;   0.00;    0.00;        0;ENDLINE;
LINE;10.08;51.14;10.00;0.00; 0.00;  0.00;   0.00;    0.00;        0;ENDLINE;
LINE;10.09;51.14;10.00;0.00; 0.00;  0.00;   0.00;    0.00;        0;ENDLINE;
LINE;10.10;51.14;10.00;0.00; 0.00;  0.00;   0.00;    0.00;        0;ENDLINE;
LINE;10.11;51.14;10.00;0.00; 0.00;  0.00;   0.00;    0.00;        0;ENDLINE;
LINE;10.12;51.14;10.00;0.00; 0.00;  0.00;   0.00;    0.00;        0;ENDLINE;
LINE;10.13;51.14;10.00;0.00; 0.00;  0.00;   0.00;    0.00;        0;ENDLINE;
LINE;10.14;51.14;10.00;0.00; 0.00;  0.00;   0.00;    0.00;        0;ENDLINE;
LINE;10.15;51.14;10.00;0.00; 0.00;  0.00;   0.00;    0.00;        0;ENDLINE;
LINE;10.16;51.14;10.00;0.00; 0.00;  0.00;   0.00;    0.00;        0;ENDLINE;
LINE;10.17;51.14;10.00;0.00; 0.00;  0.00;   0.00;    0.00;        0;ENDLINE;
LINE;10.18;51.14;10.00;0.00; 0.00;  0.00;   0.00;    0.00;        0;ENDLINE;
LINE;10.19;51.14;10.00;0.00; 0.00;  0.00;   0.00;    0.00;        0;ENDLINE;
LINE;10.20;51.14;10.00;0.00; 0.00;  0.00;   0.00;    0.00;        0;ENDLINE;
LINE;10.21;51.14;10.00;0.00; 0.00;  0.00;   0.00;    0.00;        0;ENDLINE;
LINE;10.22;51.14;10.00;0.00; 0.00;  0.00;   0.00;    0.00;        0;ENDLINE;
LINE;10.23;51.14;10.00;0.00; 0.00;  0.00;   0.00;    0.00;        0;ENDLINE;
LINE;10.24;51.14;10.00;0.00; 0.00;  0.00;   0.00;    0.00;        0;ENDLINE;
LINE;10.25;51.14;10.00;0.00; 0.00;  0.00;   0.00;    0.00;        0;ENDLINE;
LINE;10.26;51.14;10.00;0.00; 0.00;  0.00;   0.00;    0.00;        0;ENDLINE;
LINE;10.27;51.14;10.00;0.00; 0.00;  0.00;   0.00;    0.00;        0;ENDLINE;
LINE;10.28;51.14;10.00;0.00; 0.00;  0.00;   0.00;    0.00;        0;ENDLINE;
LINE;10.29;51.14;10.00;0.00; 0.00;  0.00;   0.00;    0.00;        0;ENDLINE;
LINE;10.30;51.14;10.00;0.00; 0.00;  0.00;   0.00;    0.00;        0;ENDLINE;
LINE;10.31;51.14;10.00;0.00; 0.00;  0.00;   0.00;    0.00;        0;ENDLINE;
LINE;10.32;51.14;10.00;0.00; 0.00;  0.00;   0.00;    0.00;        0;ENDLINE;
LINE;10.33;51.14;10.00;0.00; 0.00;  0.00;   0.00;    0.00;        0;ENDLINE;
LINE;10.34;51.14;10.00;0.00; 0.00;  0.00;   0.00;    0.00;        0;ENDLINE;
LINE;10.35;51.14;10.00;0.00; 0.00;  0.00;   0.00;    0.00;        0;ENDLINE;
LINE;10.36;51.14;10.00;0.00; 0.00;  0.00;   0.00;    0.00;        0;ENDLINE;
ENDTRAJECTORY;